Rank,Name,Team,G,AB,PA,H,1B,2B,3B,HR,R,RBI,BB,IBB,SO,HBP,SF,SH,SB,CS,AVG
1,Aaron Judge,NYY,145,518,638,149,73,26,0,50,106,120,108,18,162,6,4,1,8,3,.287
2,Bobby Witt Jr.,KCR,151,599,660,175,103,35,6,31,104,96,48,5,113,6,6,1,37,9,.292
3,Cal Raleigh,SEA,150,539,624,121,59,22,1,39,82,103,74,7,172,6,4,1,7,3,.224
4,Shohei Ohtani,LAD,148,559,660,159,78,31,3,48,121,119,91,13,157,5,4,1,25,8,.285
5,Juan Soto,NYM,155,548,678,148,83,26,0,38,108,100,121,9,123,4,4,1,17,6,.270
6,Julio Rodríguez,SEA,152,598,659,163,103,26,6,28,96,87,48,4,146,9,4,1,26,7,.273
7,Gunnar Henderson,BAL,153,583,659,156,94,35,3,25,94,80,65,3,140,6,5,1,20,5,.268
8,Fernando Tatis Jr.,SDP,148,565,646,154,93,28,4,29,99,85,70,3,129,6,4,1,23,7,.273
9,Vladimir Guerrero Jr.,TOR,153,579,663,173,110,31,1,32,98,98,72,7,88,7,4,1,6,2,.299
10,Corey Seager,TEX,124,458,531,126,74,24,1,28,71,84,60,9,100,5,4,0,2,1,.276
11,Ketel Marte,ARI,140,534,612,148,86,31,2,29,86,95,67,4,101,6,4,1,5,2,.276
12,William Contreras,MIL,144,524,600,138,90,27,0,21,72,81,66,3,119,5,4,1,5,2,.263
13,Yordan Alvarez,HOU,129,470,552,137,76,27,1,33,83,91,69,9,92,8,5,1,3,1,.292
14,Will Smith,LAD,123,425,497,115,68,21,2,24,73,73,56,2,94,9,6,0,3,1,.271
15,Corbin Carroll,ARI,138,523,602,136,75,29,7,25,96,77,63,3,125,8,4,3,34,7,.260
16,Ronald Acuña Jr.,ATL,144,534,629,149,91,25,3,29,102,83,82,3,136,8,4,1,26,9,.278
17,Francisco Lindor,NYM,141,547,621,140,87,27,2,25,85,77,54,1,116,10,5,1,22,7,.256
18,José Ramírez,CLE,151,576,650,156,94,31,4,26,91,84,62,15,72,4,6,1,34,9,.270
19,Kyle Tucker,LAD,143,529,620,142,83,28,2,29,96,86,81,6,89,4,5,1,17,6,.269
20,Alejandro Kirk,TOR,122,429,484,115,78,20,0,18,59,62,45,2,59,5,5,1,0,0,.269
21,Wyatt Langford,TEX,142,533,613,133,78,27,3,25,87,74,70,3,144,6,4,1,20,5,.250
22,Junior Caminero,TBR,149,585,637,157,93,27,1,36,82,105,42,2,124,5,5,1,5,2,.268
23,Mookie Betts,LAD,143,545,621,145,92,31,2,20,83,77,63,1,71,6,6,1,8,3,.267
24,Willy Adames,SFG,152,569,650,133,75,28,1,29,85,84,69,2,173,4,5,0,11,4,.235
25,Trea Turner,PHI,143,572,628,162,111,29,5,17,86,74,40,0,113,5,4,1,25,6,.283
26,Matt Chapman,SFG,146,533,614,128,71,28,2,27,83,78,69,1,152,7,5,1,9,3,.240
27,Adley Rutschman,BAL,138,490,560,123,80,24,1,17,66,64,61,2,89,4,5,1,1,0,.251
28,Jackson Merrill,SDP,143,554,607,151,92,34,2,23,77,79,41,2,120,3,5,3,9,2,.272
29,Austin Riley,ATL,146,564,626,146,85,28,3,30,82,90,48,1,162,8,5,1,2,1,.259
30,Zach Neto,LAA,148,567,634,141,84,29,2,26,85,75,43,3,158,16,4,3,27,8,.249
31,Elly De La Cruz,CIN,149,574,641,147,91,30,4,22,92,70,58,5,177,3,4,2,41,10,.255
32,Alex Bregman,CHC,149,563,641,142,91,28,1,23,76,81,64,1,90,8,5,1,2,1,.252
33,Jeremy Peña,HOU,137,541,593,147,101,28,2,16,76,65,34,1,106,10,4,2,17,4,.272
34,Shea Langeliers,ATH,128,478,526,122,67,25,1,29,71,77,39,1,121,4,4,1,6,2,.256
35,Bryce Harper,PHI,140,522,607,143,86,28,2,26,84,86,75,8,127,5,4,1,10,4,.273
36,Dansby Swanson,CHC,153,564,629,139,88,27,2,22,79,77,51,1,163,4,4,1,15,4,.246
37,Manny Machado,SDP,147,568,629,148,93,27,0,28,79,86,52,4,121,2,6,1,8,4,.261
38,Pete Crow-Armstrong,CHC,147,561,618,137,82,27,6,22,87,67,36,2,154,8,5,7,35,6,.244
39,Xander Bogaerts,SDP,136,507,570,134,92,25,2,15,72,62,45,1,102,5,5,1,16,5,.265
40,Jazz Chisholm Jr.,NYY,140,519,585,121,71,21,3,27,85,68,56,2,158,5,4,1,31,8,.233
41,Byron Buxton,MIN,121,468,522,117,60,28,2,27,75,74,41,2,144,8,3,1,14,3,.250
42,Geraldo Perdomo,ARI,150,552,648,141,100,25,4,11,81,55,72,1,89,7,5,13,18,6,.255
43,Pete Alonso,BAL,153,574,655,144,81,26,0,37,87,99,62,4,154,13,5,1,3,1,.251
44,Roman Anthony,BOS,141,530,610,141,88,31,2,19,80,73,71,1,147,5,4,1,10,3,.265
45,Gabriel Moreno,ARI,113,394,441,108,76,20,2,10,53,52,39,2,75,4,4,1,4,2,.275
46,Kyle Schwarber,PHI,150,549,658,127,63,22,1,41,94,107,98,4,183,7,3,1,6,2,.231
47,Patrick Bailey,SFG,127,429,473,92,63,19,1,9,44,43,35,0,126,3,4,3,2,1,.214
48,Oneil Cruz,PIT,127,473,533,115,64,24,2,25,78,70,53,3,161,4,3,0,25,6,.244
49,Rafael Devers,SFG,150,558,649,140,81,27,1,32,85,93,81,9,155,6,4,1,2,1,.251
50,Austin Wells,NYY,117,394,441,85,50,17,1,18,49,52,37,1,110,5,3,1,3,1,.217
51,Maikel Garcia,KCR,150,577,640,156,109,31,3,13,82,66,52,1,92,2,6,3,25,8,.270
52,Brent Rooker,ATH,150,568,641,151,84,33,1,34,90,95,60,2,160,8,4,1,7,2,.266
53,Brendan Donovan,SEA,131,500,565,132,92,26,1,14,65,63,50,2,79,10,4,2,5,2,.264
54,Nick Kurtz,ATH,142,497,577,125,66,23,2,34,84,88,71,4,179,4,4,1,3,1,.251
55,Taylor Ward,BAL,148,552,630,136,81,26,1,27,81,82,66,1,155,7,5,1,5,2,.246
56,Bo Bichette,NYM,139,564,608,160,114,27,3,18,74,73,35,1,98,4,4,1,6,2,.285
57,Jackson Chourio,MIL,145,579,629,156,100,31,4,21,81,82,40,3,128,4,5,1,25,6,.269
58,Seiya Suzuki,CHC,139,524,597,133,78,27,2,27,82,83,64,2,151,4,5,1,10,3,.255
59,Otto Lopez,MIA,136,517,564,141,100,26,3,12,67,60,36,2,88,4,5,2,17,5,.274
60,Hunter Goodman,COL,137,510,555,130,72,29,1,28,69,87,34,0,145,6,5,0,2,1,.255
61,Yainer Diaz,HOU,131,488,519,131,89,24,1,18,59,66,23,1,91,3,4,1,2,1,.269
62,Marcus Semien,NYM,137,516,580,126,81,23,4,19,70,66,50,0,99,3,5,1,8,2,.245
63,Randy Arozarena,SEA,152,565,651,131,80,25,3,24,88,74,65,1,170,17,4,1,24,7,.232
64,Andy Pages,LAD,140,525,574,134,81,29,2,22,76,76,35,1,126,8,5,1,9,3,.256
65,Gleyber Torres,DET,147,553,634,141,97,27,0,17,75,69,70,0,110,4,6,1,7,3,.256
66,Ben Rice,NYY,132,475,541,118,67,23,3,26,73,71,54,0,113,8,4,1,5,2,.249
67,George Springer,TOR,131,499,568,131,80,23,2,27,82,76,57,1,111,6,4,1,12,3,.263
68,Miguel Vargas,CHW,138,513,580,125,73,29,1,22,70,71,55,1,110,6,5,1,7,2,.244
69,Nico Hoerner,CHC,146,556,607,154,118,26,3,6,73,54,36,1,57,9,5,1,26,7,.276
70,Luke Keaschall,MIN,127,476,537,129,90,27,2,10,68,52,46,2,91,9,5,1,20,6,.271
71,Brice Turang,MIL,149,566,633,144,104,23,5,12,77,59,57,1,134,2,4,4,31,6,.255
72,Trevor Story,BOS,136,522,575,130,82,24,3,21,74,70,36,1,154,6,4,1,22,6,.249
73,Freddie Freeman,LAD,143,542,618,147,92,31,1,22,83,82,63,7,112,7,5,1,8,3,.270
74,Yandy Díaz,TBR,142,550,616,157,109,25,0,23,77,85,56,1,93,5,4,1,2,1,.286
75,Jacob Wilson,ATH,138,536,579,157,121,27,2,7,66,57,29,1,47,6,4,3,5,2,.293
76,Riley Greene,DET,148,562,630,139,83,26,3,27,80,83,58,2,181,5,4,0,4,1,.248
77,Ian Happ,CHC,146,544,631,130,78,29,2,21,80,75,77,2,149,5,4,1,8,3,.239
78,Bo Naylor,CLE,120,393,446,84,49,17,2,16,50,50,44,1,115,3,3,2,5,2,.212
79,Kazuma Okamoto,TOR,126,460,523,109,61,22,0,25,66,74,52,2,114,7,4,1,1,0,.236
80,Trent Grisham,NYY,125,443,522,99,54,19,1,25,69,65,68,1,130,6,3,3,5,2,.223
81,Francisco Alvarez,NYM,111,384,430,85,54,14,1,16,47,52,37,1,116,6,3,1,1,0,.222
82,Brandon Nimmo,TEX,143,542,616,136,86,25,3,21,79,71,60,1,132,9,4,1,8,2,.251
83,James Wood,WSN,146,551,631,142,88,29,2,23,82,79,72,4,185,4,3,1,17,5,.258
84,J.P. Crawford,SEA,144,518,598,125,90,24,1,10,63,54,65,1,114,5,3,3,4,1,.241
85,Mike Trout,LAA,118,424,502,101,56,19,1,25,65,69,68,5,152,7,3,0,3,1,.238
86,Bryson Stott,PHI,137,504,559,129,89,23,3,13,70,57,46,1,95,3,4,1,22,5,.255
87,Ryan Jeffers,MIN,126,439,500,104,67,21,0,16,56,55,45,1,106,9,3,3,2,1,.236
88,Jake Cronenworth,SDP,141,498,576,118,77,24,2,16,67,60,60,1,116,10,4,2,5,1,.237
89,J.T. Realmuto,PHI,121,425,474,110,71,22,2,15,58,58,31,1,113,7,4,0,9,3,.258
90,Carlos Correa,HOU,129,486,546,126,89,22,0,15,62,61,49,2,108,3,4,1,0,0,.260
91,Colton Cowser,BAL,128,458,516,105,60,22,1,21,66,62,47,2,162,7,3,1,11,3,.229
92,Daulton Varsho,TOR,133,492,545,109,59,21,2,26,70,72,44,1,143,5,4,1,10,2,.221
93,Kevin McGonigle,DET,104,381,424,97,62,20,3,12,52,47,36,1,62,2,3,1,9,2,.254
94,Max Muncy,LAD,109,372,444,82,44,17,1,21,61,61,63,2,110,5,4,0,2,1,.222
95,Colson Montgomery,CHW,130,492,550,107,62,20,2,23,62,66,45,2,168,9,4,1,4,1,.217
96,Jarren Duran,BOS,140,546,608,143,87,34,4,19,82,71,50,1,139,7,3,1,25,5,.262
97,Drake Baldwin,ATL,133,478,532,122,83,22,1,16,60,63,45,1,97,4,4,1,0,0,.255
98,Wilyer Abreu,BOS,125,448,505,107,60,23,2,22,63,70,49,2,124,3,4,1,9,3,.240
99,Iván Herrera,STL,128,475,540,126,85,23,1,18,68,64,51,1,109,9,3,1,7,3,.266
100,Ezequiel Tovar,COL,147,582,627,154,97,33,3,21,74,79,31,0,157,4,5,5,10,3,.264
101,Jordan Westburg,BAL,94,366,401,95,58,18,3,16,53,50,26,0,92,5,2,1,5,2,.260
102,Dillon Dingler,DET,110,382,416,92,60,20,1,11,43,46,24,1,104,6,3,1,2,1,.241
103,Jackson Holliday,BAL,114,432,486,108,72,22,2,13,62,49,47,1,109,4,3,1,13,4,.251
104,Jakob Marsee,MIA,132,497,571,116,76,25,3,13,70,51,58,1,127,8,4,4,26,7,.233
105,Tyler Soderstrom,ATH,140,524,585,134,81,28,2,23,75,74,51,2,141,5,5,1,6,2,.256
106,Teoscar Hernández,LAD,132,508,554,134,80,26,1,27,78,81,36,1,142,5,4,1,6,2,.264
107,Masyn Winn,STL,144,561,611,139,97,26,3,12,67,58,38,0,110,5,5,3,12,4,.248
108,Heliot Ramos,SFG,144,549,608,141,89,26,2,24,78,78,46,1,147,8,4,1,6,2,.257
109,Jose Altuve,HOU,139,541,600,137,91,25,1,20,74,69,50,2,105,5,4,1,11,4,.254
110,Matt McLain,CIN,131,485,545,115,72,22,3,18,67,58,49,1,153,7,3,1,16,4,.236
111,Munetaka Murakami,CHW,133,458,547,94,47,16,1,31,77,78,81,2,206,6,2,1,12,2,.206
112,Agustín Ramírez,MIA,124,470,516,116,73,25,1,18,59,65,36,2,104,5,4,1,9,3,.247
113,Salvador Perez,KCR,141,525,576,131,78,25,0,28,65,92,30,4,120,9,5,0,0,0,.251
114,Michael Harris II,ATL,139,534,572,139,91,29,2,18,73,67,28,2,113,5,4,2,19,5,.261
115,CJ Abrams,WSN,140,557,613,136,88,29,3,16,74,64,38,1,119,12,4,2,30,8,.244
116,Cody Bellinger,NYY,139,534,595,132,83,25,4,21,72,68,50,3,93,3,6,1,11,3,.247
117,Alec Bohm,PHI,133,516,562,140,99,26,1,14,62,67,35,1,89,4,6,1,3,1,.272
118,Joey Bart,PIT,84,278,314,66,45,12,0,9,35,35,28,0,88,6,2,0,1,0,.238
119,Matt Olson,ATL,154,573,665,136,82,27,0,27,81,86,81,4,158,6,5,1,1,0,.238
120,Willson Contreras,BOS,134,487,563,123,77,23,1,23,72,74,52,1,142,16,4,1,5,2,.253
121,Lars Nootbaar,STL,117,433,499,106,67,21,1,17,61,58,58,2,101,3,3,1,6,2,.244
122,Michael Busch,CHC,141,519,590,126,73,27,2,25,74,80,58,1,151,8,4,1,3,1,.242
123,Kyle Teel,CHW,107,377,430,92,62,16,2,12,50,43,44,0,112,4,3,1,5,1,.243
124,Steven Kwan,CLE,147,575,645,152,120,24,4,4,71,51,57,1,55,5,5,3,17,5,.264
125,Andrés Giménez,TOR,138,507,558,124,90,22,2,8,65,47,30,2,98,14,4,3,22,5,.244
126,Jonathan Aranda,TBR,137,502,569,129,81,26,1,21,67,77,53,2,138,9,4,0,1,0,.258
127,Lawrence Butler,ATH,136,507,563,122,73,26,1,22,74,67,49,1,152,2,4,1,16,5,.241
128,Luis Robert Jr.,NYM,128,474,522,111,69,20,3,19,72,55,38,2,147,6,4,1,29,8,.234
129,Danny Jansen,TEX,90,290,333,59,35,12,1,12,35,37,35,0,80,5,2,1,0,0,.204
130,Jo Adell,LAA,140,516,568,122,67,23,1,31,72,80,40,1,156,8,4,1,10,3,.237
131,Ceddanne Rafaela,BOS,140,522,559,131,85,25,4,16,68,62,24,1,123,6,4,2,21,6,.250
132,Jonathan India,KCR,122,444,514,109,72,24,1,13,63,55,53,0,98,13,4,1,8,3,.246
133,Logan O'Hoppe,LAA,117,413,453,95,57,18,1,19,50,57,31,0,132,5,3,1,3,1,.230
134,Konnor Griffin,PIT,97,369,403,95,66,17,1,11,50,43,24,1,104,7,2,1,16,2,.257
135,Brenton Doyle,COL,138,515,563,133,83,27,4,20,75,67,36,0,150,3,4,3,21,5,.259
136,Carlos Narváez,BOS,108,367,410,82,54,15,0,13,43,48,35,1,108,4,3,1,3,1,.224
137,Evan Carter,TEX,109,384,434,90,58,18,3,10,54,40,40,2,99,6,3,1,16,4,.235
138,Tyler Stephenson,CIN,109,377,426,89,57,17,1,15,47,51,40,1,121,5,3,0,1,0,.237
139,Brandon Lowe,PIT,124,473,528,113,67,24,1,21,62,69,46,1,136,5,4,0,4,1,.238
140,Isaac Paredes,HOU,117,427,495,100,63,18,0,18,58,58,55,0,82,9,4,0,1,0,.233
141,Jeff McNeil,ATH,132,479,537,121,81,25,2,12,60,55,43,2,70,8,4,3,3,1,.253
142,Sean Murphy,ATL,89,301,345,67,41,13,0,13,39,43,33,1,95,8,2,0,0,0,.222
143,Ozzie Albies,ATL,140,534,588,131,84,27,2,18,67,68,42,1,89,5,6,1,9,3,.245
144,Joey Ortiz,MIL,132,470,514,113,80,19,3,10,55,50,33,1,90,4,3,4,13,4,.241
145,Jake Meyers,HOU,117,413,459,103,71,21,1,10,54,44,35,0,95,6,3,2,11,3,.250
146,Nolan Arenado,ARI,134,513,560,130,88,24,1,16,59,70,36,2,75,4,5,1,3,1,.253
147,Bryan Reynolds,PIT,146,563,633,145,96,29,3,17,76,72,56,2,152,8,5,1,6,2,.257
148,Harrison Bader,SFG,123,444,487,106,69,19,3,15,62,50,31,0,119,7,3,1,15,4,.239
149,Carson Kelly,CHC,95,321,364,75,50,13,0,13,41,44,34,0,73,4,3,1,1,0,.235
150,Christian Yelich,MIL,135,505,577,129,86,23,3,18,73,69,64,5,141,4,3,1,16,4,.255
151,Ryan McMahon,NYY,117,415,475,88,54,16,1,17,54,52,54,1,150,3,3,0,4,1,.213
152,Josh Jung,TEX,125,475,513,116,77,23,1,16,56,60,29,0,128,4,3,1,4,1,.245
153,Josh Naylor,SEA,144,543,607,136,91,25,0,20,70,74,51,5,88,6,6,1,13,6,.250
154,Cedric Mullins,TBR,111,400,451,92,55,17,3,17,60,50,41,1,100,4,3,3,21,5,.231
155,Vinnie Pasquantino,KCR,146,563,628,145,89,31,2,24,73,87,52,3,90,6,7,1,1,0,.257
156,Kyle Higashioka,TEX,75,252,274,54,33,11,0,9,27,32,17,0,70,1,2,1,2,1,.214
157,Jared Triolo,PIT,123,436,491,106,74,21,2,9,56,46,46,1,111,4,3,2,12,3,.244
158,Gavin Lux,TBR,110,398,447,100,71,20,3,7,49,43,44,0,95,2,3,0,4,1,.253
159,Colt Keith,DET,121,439,489,111,73,20,5,14,59,54,43,2,103,3,3,0,4,1,.254
160,Xavier Edwards,MIA,135,523,580,143,115,22,4,2,66,41,45,2,80,3,4,5,28,7,.273
161,Ha-Seong Kim,ATL,88,314,356,76,52,13,2,9,45,32,34,1,63,3,3,3,13,4,.243
162,Kyle Stowers,MIA,139,512,577,121,70,25,2,24,68,78,53,2,166,7,4,1,4,1,.236
163,Kerry Carpenter,DET,115,431,473,108,61,20,3,23,60,68,31,1,113,7,3,0,3,1,.250
164,Anthony Volpe,NYY,110,410,450,94,60,20,2,13,54,44,31,0,109,4,4,2,16,4,.230
165,Victor Caratini,MIN,91,310,347,77,53,13,0,10,37,39,27,1,64,6,3,0,1,0,.248
166,Tommy Edman,LAD,109,403,441,99,67,19,2,11,55,46,29,1,75,4,3,2,10,3,.245
167,Spencer Torkelson,DET,147,538,615,123,70,26,1,26,72,81,64,3,158,7,5,0,2,1,.229
168,Eugenio Suárez,CIN,143,533,599,123,66,23,0,34,73,92,50,1,177,10,5,1,2,1,.231
169,Alec Burleson,STL,139,527,578,139,92,25,0,21,66,74,39,1,84,4,6,2,5,2,.263
170,Tyler O'Neill,BAL,90,325,370,76,42,14,1,19,49,51,37,1,104,5,3,0,4,1,.235
171,Dylan Crews,WSN,136,514,564,121,80,23,3,16,66,59,37,1,129,8,4,1,23,6,.236
172,Sal Stewart,CIN,120,440,484,119,76,24,1,18,59,63,35,1,89,4,4,1,6,2,.271
173,Royce Lewis,MIN,122,455,497,107,67,23,1,17,57,57,35,1,105,3,4,1,10,4,.235
174,Victor Scott II,STL,132,459,512,101,74,16,4,8,61,33,37,1,120,7,4,6,32,5,.221
175,Willi Castro,COL,128,466,523,120,82,23,4,12,65,53,40,1,115,11,4,2,16,5,.258
176,Ernie Clement,TOR,139,517,554,131,93,25,3,10,60,54,23,1,60,4,5,5,11,3,.254
177,Matt Wallner,MIN,118,418,481,91,48,20,1,22,61,63,49,1,152,11,3,0,4,1,.219
178,Andrew Vaughn,MIL,129,489,537,125,79,25,0,22,59,79,36,0,105,7,5,1,1,0,.256
179,Chase Meidroth,CHW,124,470,531,118,92,19,2,5,56,39,49,0,79,7,3,2,10,4,.250
180,Jung Hoo Lee,SFG,137,516,569,139,95,33,4,8,67,56,42,1,64,5,5,1,8,2,.269
181,Nick Gonzales,PIT,95,362,395,95,65,20,2,7,43,42,23,1,80,5,3,1,3,1,.262
182,Jesús Sánchez,TOR,104,375,416,92,58,18,1,16,53,50,35,1,100,3,2,1,8,2,.246
183,Hunter Feduccia,TBR,74,229,256,48,33,10,1,4,23,24,24,0,66,1,2,0,0,0,.211
184,Josh Smith,TEX,123,440,503,103,72,20,2,9,56,43,46,1,94,10,3,3,9,3,.234
185,Ryan O'Hearn,PIT,125,453,511,119,81,23,2,13,59,58,48,3,97,5,4,1,4,1,.262
186,Caleb Durbin,BOS,132,473,526,118,86,21,3,9,61,48,32,1,57,13,4,3,19,5,.250
187,Justin Crawford,PHI,107,395,429,105,79,19,2,5,52,36,27,1,89,2,2,4,23,3,.266
188,JJ Wetherholt,STL,120,448,500,107,75,22,2,9,52,46,41,1,93,6,3,1,8,2,.239
189,Dylan Beavers,BAL,100,354,401,85,54,18,2,11,49,41,40,1,95,2,3,1,11,2,.239
190,Luis García Jr.,WSN,123,466,501,123,84,24,1,14,56,61,28,2,81,2,5,1,13,5,.264
191,Denzel Clarke,ATH,98,346,379,77,51,17,2,8,44,32,25,0,129,5,2,1,11,3,.222
192,Ramón Laureano,SDP,127,467,519,114,70,21,3,20,67,63,37,1,137,10,4,1,9,3,.244
193,Jordan Lawlar,ARI,91,309,340,74,49,15,2,7,41,33,25,1,94,4,2,1,13,3,.240
194,Luis Arraez,SFG,139,561,608,165,137,25,3,0,65,52,33,3,21,4,5,5,8,3,.295
195,Christian Walker,HOU,135,509,568,117,68,22,0,27,68,77,47,1,145,7,5,1,4,1,.229
196,Pedro Pagés,STL,90,305,332,66,46,12,0,8,29,34,20,1,88,3,2,1,1,0,.217
197,Jose Trevino,CIN,70,234,253,54,39,9,0,6,23,27,14,0,40,2,2,1,0,0,.232
198,Sal Frelick,MIL,132,494,549,124,92,21,5,6,60,47,43,1,75,5,3,2,17,4,.250
199,Cam Smith,HOU,116,412,459,100,68,20,1,10,52,45,39,1,121,6,3,1,7,2,.242
200,Carter Jensen,KCR,102,342,383,81,50,17,3,11,45,44,36,1,101,2,3,1,5,1,.238
201,Josh Bell,MIN,131,480,544,119,77,21,0,21,64,68,54,1,104,4,4,1,2,1,.247
202,Kyle Manzardo,CLE,126,459,519,107,61,22,1,23,59,72,49,2,122,6,5,0,1,1,.233
203,Brandon Marsh,PHI,121,419,473,104,70,20,3,11,57,47,46,1,132,3,3,2,10,3,.247
204,Jake Burger,TEX,130,491,532,118,68,23,1,26,63,76,29,1,134,7,3,1,2,1,.241
205,Freddy Fermin,SDP,118,399,435,91,67,13,2,9,43,39,26,1,89,3,3,4,3,1,.229
206,Addison Barger,TOR,115,427,470,101,60,23,1,17,56,58,36,2,116,4,3,0,4,1,.237
207,Jorge Polanco,NYM,123,451,507,109,67,22,1,20,61,63,46,1,105,4,4,1,6,2,.242
208,Marcelo Mayer,BOS,108,384,420,94,61,22,1,10,45,47,31,2,100,2,3,1,7,2,.245
209,Parker Meadows,DET,99,356,397,78,50,13,5,9,48,35,35,1,102,3,3,1,11,3,.220
210,José Caballero,NYY,95,318,360,69,47,13,1,8,49,25,31,0,94,7,2,2,33,8,.216
211,Henry Davis,PIT,76,252,282,55,35,11,1,8,31,30,21,1,74,6,2,1,4,1,.218
212,Davis Schneider,TOR,86,284,327,60,34,13,1,13,40,40,37,0,95,4,2,0,3,1,.212
213,Harry Ford,WSN,98,255,288,58,39,12,1,6,30,29,27,0,67,4,2,1,6,1,.229
214,Yoán Moncada,LAA,93,330,373,77,48,16,1,12,40,42,35,1,98,4,3,0,1,0,.234
215,Jordan Walker,STL,125,459,503,109,67,23,1,18,58,60,35,1,139,5,3,0,8,2,.237
216,Connor Norby,MIA,116,412,450,100,65,21,3,12,50,50,30,1,124,4,3,0,8,2,.244
217,Colt Emerson,SEA,72,260,289,62,43,13,1,5,30,29,22,1,60,4,2,0,5,1,.240
218,Cole Young,SEA,96,329,369,78,53,16,1,8,40,36,32,1,63,4,3,1,6,2,.236
219,Mike Yastrzemski,ATL,115,402,462,92,54,20,1,16,55,54,50,2,106,4,3,2,4,1,.228
220,Garrett Mitchell,MIL,94,322,361,71,48,13,2,8,41,32,33,1,113,3,2,2,13,3,.220
221,Jorge Soler,LAA,116,415,475,94,52,19,0,22,55,63,50,0,128,5,3,0,1,0,.226
222,Isaac Collins,KCR,108,358,411,86,58,17,3,8,51,38,43,1,83,5,3,2,13,4,.241
223,Carson Williams,TBR,96,341,375,74,46,15,2,12,42,41,27,1,130,4,2,1,9,3,.217
224,Casey Schmitt,SFG,72,256,281,61,39,12,1,10,32,33,19,1,66,3,2,1,2,1,.240
225,Gabriel Arias,CLE,114,415,451,93,63,18,1,12,48,45,27,1,139,5,2,1,9,3,.225
226,Andrew Benintendi,CHW,120,443,495,109,71,20,2,18,55,59,43,2,84,3,5,1,3,1,.247
227,Jordan Beck,COL,131,493,542,125,79,26,3,17,69,64,41,0,153,4,4,0,16,5,.254
228,Miguel Amaya,CHC,79,263,293,59,40,11,0,7,28,30,20,1,65,5,2,3,1,0,.223
229,Romy Gonzalez,BOS,61,219,237,58,39,11,1,8,30,29,14,0,59,2,2,1,7,2,.266
230,Brooks Lee,MIN,135,502,545,119,83,23,1,12,54,55,34,1,97,3,5,1,4,1,.237
231,Daylen Lile,WSN,132,501,546,133,90,30,5,8,61,55,34,1,98,6,4,1,15,3,.265
232,Austin Martin,MIN,85,290,331,75,55,15,1,4,40,26,32,0,56,6,2,2,12,4,.259
233,Nolan Schanuel,LAA,141,516,599,131,98,22,2,8,65,51,66,3,81,9,5,3,6,2,.254
234,Zach McKinstry,DET,103,357,398,83,55,16,4,8,48,34,33,1,88,4,3,1,14,4,.233
235,Tyler Freeman,COL,78,280,316,81,58,15,2,6,43,32,23,0,41,9,2,2,13,4,.289
236,Wenceel Pérez,DET,115,423,469,98,63,19,4,12,56,46,37,1,99,3,4,1,12,3,.233
237,Travis d'Arnaud,LAA,60,199,221,44,28,9,0,8,22,26,14,0,63,3,1,0,1,0,.224
238,Luis Torrens,NYM,62,205,224,49,34,8,1,5,23,23,14,0,51,2,2,1,1,0,.237
239,Luisangel Acuña,CHW,96,319,343,79,59,14,2,4,38,25,18,0,65,2,2,2,16,4,.246
240,Austin Hedges,CLE,42,124,142,23,16,4,0,4,12,11,10,0,38,2,1,3,2,1,.187
241,Brayan Rocchio,CLE,121,424,468,98,69,20,2,7,49,40,33,1,90,6,4,2,12,4,.230
242,Marcell Ozuna,PIT,123,449,517,108,68,20,0,19,60,67,61,1,126,3,4,1,0,0,.239
243,Joc Pederson,TEX,101,343,399,78,46,15,0,17,48,51,44,2,90,7,3,1,3,1,.228
244,Trevor Larnach,MIN,106,388,440,96,64,19,1,12,51,48,44,1,99,4,4,0,4,1,.247
245,Ke'Bryan Hayes,CIN,127,465,505,112,83,19,2,8,52,46,32,1,98,3,3,1,10,4,.241
246,Edmundo Sosa,PHI,66,226,246,56,37,10,1,8,28,28,10,0,57,5,2,2,3,1,.248
247,Dalton Rushing,LAD,56,178,200,40,24,9,1,7,24,24,18,1,57,3,1,0,1,0,.222
248,Mauricio Dubón,ATL,108,381,408,96,72,15,3,6,42,38,19,0,52,2,3,2,3,1,.251
249,Luis Campusano,SDP,72,237,261,54,38,9,0,6,25,27,20,0,53,2,2,0,0,0,.228
250,Brett Baty,NYM,112,401,443,94,62,17,0,15,49,50,35,1,113,3,2,1,4,1,.235
251,Lourdes Gurriel Jr.,ARI,80,310,337,82,56,16,1,10,40,42,20,0,53,3,3,0,4,2,.266
252,Nasim Nuñez,WSN,95,309,346,71,54,11,1,4,38,21,29,0,82,2,2,4,23,4,.229
253,Jasson Domínguez,NYY,61,213,238,51,32,10,1,8,31,25,22,1,61,2,1,0,10,2,.239
254,Kyle Karros,COL,65,232,257,62,44,13,1,5,28,28,20,1,60,3,2,0,2,1,.266
255,Ramón Urías,STL,73,257,283,62,42,12,1,8,30,31,20,0,62,3,2,0,2,1,.239
256,Connor Wong,BOS,60,201,221,46,32,9,1,5,23,22,14,0,55,3,1,1,4,1,.230
257,Jake McCarthy,COL,93,332,367,88,64,14,4,5,47,31,23,0,63,6,2,4,17,3,.265
258,Carson Benge,NYM,93,335,371,80,53,17,1,9,41,38,30,2,80,4,2,1,7,1,.239
259,Kody Clemens,MIN,74,260,287,60,35,12,1,12,34,37,21,0,71,2,3,1,3,1,.232
260,Samuel Basallo,BAL,108,386,423,91,57,18,1,15,47,51,31,2,101,3,3,1,3,1,.236
261,Blaze Alexander,BAL,83,290,325,64,43,11,2,8,38,28,26,0,105,6,2,2,7,2,.220
262,Chandler Simpson,TBR,109,415,448,119,100,15,4,0,57,29,23,1,45,1,3,5,37,6,.286
263,Javier Sanoja,MIA,61,207,223,56,40,11,2,3,25,22,12,1,21,1,2,1,7,2,.270
264,Brooks Baldwin,CHW,99,347,379,82,52,15,2,12,43,40,24,1,92,2,3,3,7,2,.235
265,Gary Sánchez,MIL,44,148,166,31,19,5,0,7,17,24,13,0,46,3,1,0,0,0,.212
266,Lane Thomas,KCR,95,348,387,81,50,17,2,12,50,42,31,0,96,4,3,0,17,4,.233
267,Giancarlo Stanton,NYY,96,351,392,76,41,12,0,24,48,59,37,2,124,2,2,0,0,0,.218
268,Edgar Quero,CHW,109,382,427,97,70,17,1,8,44,42,35,1,75,5,4,1,1,1,.253
269,Jake Rogers,DET,54,175,195,36,22,8,0,6,20,21,16,0,57,2,1,1,1,0,.206
270,Victor Robles,SEA,85,297,334,70,49,12,2,6,41,26,21,0,76,8,2,5,17,5,.234
271,Braxton Fulford,COL,55,182,200,44,28,10,1,5,23,23,13,0,55,3,1,1,3,1,.241
272,Luke Raley,SEA,82,270,308,59,37,11,1,10,36,34,23,0,93,11,2,2,6,1,.219
273,Adolis García,PHI,135,514,563,120,72,23,1,24,67,75,38,1,144,5,5,1,10,4,.234
274,Mitch Garver,SEA,30,99,114,20,12,4,0,4,12,14,12,0,33,1,1,0,0,0,.201
275,Joe Mack,MIA,63,220,242,48,31,9,0,7,23,27,18,1,68,2,1,1,2,0,.216
276,Spencer Horwitz,PIT,118,428,486,107,73,23,1,10,53,52,49,1,86,5,4,1,2,1,.249
277,Amed Rosario,NYY,66,233,249,61,44,11,1,5,28,24,11,0,44,2,2,0,6,2,.261
278,James McCann,ARI,53,176,194,42,29,8,0,5,20,22,11,0,51,2,2,1,1,0,.238
279,Bryce Eldridge,SFG,99,356,395,85,51,17,1,17,46,53,33,4,118,3,3,0,2,0,.240
280,Rob Refsnyder,SEA,62,203,233,49,32,9,1,7,28,26,24,1,61,3,1,1,3,1,.239
281,Will Benson,CIN,62,203,229,45,25,10,1,9,29,27,22,1,71,2,1,0,7,2,.223
282,Chase DeLauter,CLE,102,401,440,96,64,20,1,11,45,48,33,1,84,3,3,1,4,1,.239
283,Tyler Heineman,TOR,42,129,145,27,20,4,0,3,14,11,10,0,31,2,1,2,2,1,.209
284,Taylor Walls,TBR,85,289,324,63,42,13,2,6,37,27,30,0,76,1,3,2,15,4,.217
285,Austin Hays,CHW,111,411,449,99,64,21,1,13,48,50,29,1,107,5,3,1,3,1,.241
286,Nick Fortes,TBR,90,281,308,61,43,11,1,6,28,28,16,0,56,5,2,4,2,1,.217
287,Christian Moore,LAA,106,369,410,80,54,14,2,11,43,39,34,1,132,3,2,1,7,2,.218
288,Jonny DeLuca,TBR,72,256,279,59,39,12,2,6,31,27,17,1,57,3,2,1,9,2,.231
289,Edouard Julien,COL,81,270,312,66,45,13,1,7,36,32,36,1,90,3,2,1,3,1,.244
290,Leo Jiménez,TOR,36,110,124,27,18,5,0,3,14,13,9,0,27,4,1,0,1,0,.241
291,Mickey Moniak,COL,118,438,473,111,64,24,4,20,61,66,27,1,117,4,3,0,9,3,.254
292,Matt Vierling,DET,64,228,253,56,37,11,1,7,28,27,19,0,55,2,2,0,3,1,.244
293,Jacob Young,WSN,83,281,312,68,55,10,2,1,33,16,20,0,58,4,2,6,17,4,.241
294,Coby Mayo,BAL,45,154,171,34,20,7,1,6,20,20,14,0,49,2,1,0,1,0,.222
295,Daniel Schneemann,CLE,51,174,195,38,25,7,1,5,22,19,18,0,52,1,1,1,4,1,.221
296,Darell Hernaiz,ATH,51,179,197,46,34,9,1,3,21,17,13,0,30,1,2,2,4,1,.258
297,Vaughn Grissom,LAA,65,234,257,58,43,11,1,4,26,23,17,0,51,4,2,0,4,1,.247
298,Jonah Heim,ATL,37,123,135,27,18,5,0,4,13,15,10,0,27,1,1,0,1,0,.219
299,Gavin Sheets,SDP,117,427,473,102,65,22,1,14,52,54,39,1,93,4,3,0,2,1,.238
300,Noelvi Marte,CIN,123,470,509,117,75,23,2,17,61,59,30,1,117,5,3,1,14,4,.249
301,Thomas Saggese,STL,63,228,247,55,39,11,1,5,25,24,14,0,65,3,2,1,3,1,.243
302,Jett Williams,MIL,37,135,150,30,19,7,1,4,16,16,12,0,39,2,1,0,5,1,.225
303,Travis Bazzana,CLE,54,189,214,41,27,8,1,5,22,20,21,0,60,2,1,1,3,1,.215
304,Keibert Ruiz,WSN,86,311,335,71,51,14,0,6,27,35,17,0,38,4,3,0,1,1,.229
305,Spencer Steer,CIN,101,369,417,85,54,17,2,13,48,45,39,0,90,5,3,1,8,2,.232
306,Brady House,WSN,123,464,493,110,77,20,2,11,46,52,22,1,139,4,3,1,5,2,.236
307,J.C. Escarra,NYY,43,132,148,28,19,6,0,3,14,13,12,0,28,2,1,0,1,0,.208
308,Liam Hicks,MIA,82,270,309,65,48,12,1,3,29,26,30,0,49,6,3,1,1,0,.239
309,Josh Lowe,LAA,113,421,465,97,62,20,3,12,56,43,37,2,127,2,3,1,21,5,.230
310,TJ Friedl,CIN,133,498,577,115,82,19,2,12,64,49,57,0,96,12,4,6,11,4,.231
311,Ben Williamson,TBR,61,217,235,55,41,10,1,2,24,20,14,0,50,2,1,1,4,1,.252
312,Jake Fraley,TBR,96,322,359,76,52,15,2,7,41,34,31,1,76,4,2,0,13,3,.236
313,Javier Báez,DET,92,329,354,76,51,16,0,9,36,38,14,0,87,5,3,1,5,2,.231
314,Michael Massey,KCR,71,260,281,61,39,13,1,8,29,34,14,0,52,3,3,1,2,1,.236
315,Nick Castellanos,SDP,83,309,334,78,52,15,2,10,38,39,20,0,77,3,3,0,3,1,.253
316,Leo Rivas,SEA,47,135,158,29,22,5,0,2,17,11,18,0,39,1,1,2,6,2,.217
317,Jimmy Crooks,STL,27,90,100,22,15,4,0,2,10,10,7,0,25,1,1,0,0,0,.239
318,Rhys Hoskins,CLE,96,336,387,72,43,15,0,15,43,47,43,1,101,5,3,0,2,1,.216
319,Dane Myers,CIN,63,217,236,53,37,9,1,6,27,24,15,0,59,3,2,0,7,2,.244
320,Nolan Gorman,STL,122,442,497,91,53,18,1,19,52,60,48,2,163,3,3,0,4,1,.205
321,Tyler Austin,CHC,40,139,157,33,19,7,0,7,19,21,15,0,44,1,1,0,0,0,.239
322,Alex Call,LAD,46,151,173,35,25,7,1,3,21,16,17,0,32,2,1,2,3,1,.235
323,Andy Ibáñez,ATH,54,170,186,41,28,8,0,4,20,19,12,0,37,2,1,0,3,1,.242
324,Tommy Pham,,59,211,236,51,34,10,0,7,28,26,21,0,54,2,2,0,4,1,.241
325,Colby Thomas,ATH,68,242,262,56,33,13,1,9,31,30,14,0,82,4,2,1,5,1,.231
326,Derek Hill,CHW,37,125,136,30,20,5,1,4,16,12,7,0,40,1,1,1,4,1,.236
327,Max Kepler,,34,120,135,28,17,6,0,5,15,17,12,1,27,1,1,0,0,0,.235
328,José Fermín,STL,46,142,160,34,25,7,0,2,17,13,14,1,21,3,1,1,5,1,.242
329,Nathan Lukes,TOR,81,284,315,72,53,12,1,5,34,29,23,1,50,2,2,3,3,1,.254
330,Jake Mangum,PIT,83,307,327,81,64,14,2,1,36,25,14,0,55,3,2,1,12,3,.265
331,Ezequiel Duran,TEX,74,252,271,58,40,11,1,5,29,24,13,0,66,3,2,1,8,2,.229
332,Tom Murphy,,17,57,64,13,8,3,0,2,7,8,5,0,19,1,0,0,0,0,.226
333,Ryan Waldschmidt,ARI,40,144,161,35,24,7,1,3,19,17,14,1,35,2,1,0,4,1,.247
334,Blake Perkins,MIL,55,190,212,41,28,7,2,4,23,18,19,0,59,1,1,1,7,2,.216
335,Walker Jenkins,MIN,26,96,107,24,16,5,1,2,12,10,9,0,23,1,1,0,2,0,.247
336,César Salazar,HOU,40,102,115,21,15,4,0,2,10,9,8,0,23,3,1,1,1,0,.204
337,Christian Vázquez,HOU,31,103,114,23,17,4,0,2,11,11,7,0,23,1,1,1,1,1,.223
338,Sung-Mun Song,SDP,66,241,262,54,36,12,0,6,27,26,18,1,54,1,2,0,5,1,.224
339,Austin Wynns,ATH,43,140,153,31,21,5,0,4,15,15,9,0,43,1,1,1,1,0,.221
340,JJ Bleday,CIN,85,294,332,67,38,14,1,14,38,42,34,1,76,2,2,0,2,1,.227
341,Enrique Hernández,LAD,52,178,195,41,25,9,0,7,22,24,14,0,43,1,2,1,1,0,.230
342,Rafael Marchán,PHI,45,144,160,32,23,7,0,2,15,15,11,0,27,2,1,1,1,0,.223
343,Dominic Canzone,SEA,105,379,414,88,56,17,1,14,44,52,30,2,97,3,3,1,3,1,.234
344,Drew Millas,WSN,36,116,126,28,20,6,0,1,12,11,9,1,22,1,1,1,3,1,.238
345,Randal Grichuk,NYY,41,145,157,35,20,7,0,7,18,20,10,0,33,1,1,0,0,0,.239
346,Paul Goldschmidt,NYY,89,330,362,80,52,16,0,12,41,42,26,1,83,2,2,0,4,2,.243
347,Max Muncy,ATH,87,313,341,72,46,15,1,10,38,35,20,1,102,4,2,2,5,1,.230
348,Jeremiah Jackson,BAL,57,213,227,50,33,10,1,6,25,24,11,0,54,1,2,0,4,1,.234
349,Matt Shaw,CHC,77,269,297,64,44,12,2,7,36,29,23,0,61,3,2,1,10,3,.238
350,Jose Iglesias,,46,145,159,38,29,6,1,2,17,14,8,0,27,2,1,1,2,1,.259
351,Zack Gelof,ATH,42,146,161,32,20,7,0,5,20,16,12,0,54,1,1,1,6,2,.219
352,Miguel Rojas,LAD,49,160,177,39,29,7,0,3,20,17,11,0,25,1,1,1,3,1,.244
353,Ryan Mountcastle,BAL,46,169,184,44,29,8,1,6,21,22,12,0,44,1,2,0,1,0,.259
354,Joshua Báez,STL,30,83,93,20,12,5,0,3,12,11,7,0,27,1,1,0,4,0,.237
355,Juan Brito,CLE,28,101,113,23,15,5,0,2,12,11,10,0,22,1,1,0,2,0,.230
356,Eli White,ATL,44,142,154,34,23,5,2,4,20,15,9,0,42,2,1,0,6,1,.241
357,Oswald Peraza,LAA,68,221,242,48,32,9,1,7,27,22,16,0,64,3,1,0,9,2,.216
358,Andrew Knizner,SEA,30,97,108,20,15,4,0,2,9,9,7,0,23,2,1,0,0,0,.208
359,Nathan Church,STL,53,170,185,42,31,7,1,3,19,16,10,1,28,2,1,1,4,1,.246
360,Sam Haggerty,TEX,59,195,217,47,34,9,1,3,27,16,17,0,48,3,1,1,12,3,.241
361,Endy Rodríguez,PIT,24,80,88,19,12,4,0,2,9,9,6,0,18,1,1,0,1,0,.236