#,Name,Team,W,L,ERA,G,GS,SV,HLD,BS,IP,TBF,H,R,ER,HR,BB,IBB,HBP,SO
1,Paul Skenes,PIT,13,9,2.80,31,31,0,0,,188.0,760,147,65,59,16,55,0,8,241
2,Jacob deGrom,TEX,11,7,2.88,26,26,0,0,,152.0,603,116,53,49,17,30,0,5,206
3,Tarik Skubal,DET,13,9,2.93,32,32,0,0,,196.1,788,160,70,64,20,45,0,8,228
4,Garrett Crochet,BOS,12,8,3.04,31,31,0,0,,170.0,684,133,63,58,17,52,0,7,220
5,Zack Wheeler,PHI,13,9,3.33,32,32,0,0,,198.2,810,171,80,73,23,51,1,9,212
6,Chris Sale,ATL,14,8,3.07,31,31,0,0,,186.2,755,153,70,64,19,47,1,9,230
7,Tyler Glasnow,LAD,11,6,3.22,24,24,0,0,,143.2,580,117,56,51,16,41,0,4,178
8,Sonny Gray,STL,12,10,3.41,31,31,0,0,,184.2,764,164,76,70,20,51,0,7,197
9,Cole Ragans,KCR,12,10,3.51,31,31,0,0,,182.2,764,156,77,71,19,69,1,6,207
10,Dylan Cease,SDP,13,10,3.48,32,32,0,0,,189.0,787,155,79,73,22,70,1,6,224
11,Corbin Burnes,ARI,12,10,3.69,31,31,0,0,,190.0,793,178,85,78,20,54,0,7,193
12,Pablo López,MIN,12,11,3.63,32,32,0,0,,193.0,798,177,84,78,24,48,1,9,203
13,Logan Webb,SFG,12,11,3.43,32,32,0,0,,201.0,839,201,85,77,17,45,1,6,175
14,Framber Valdez,HOU,12,9,3.43,29,29,0,0,,184.2,767,173,78,70,16,59,0,9,177
15,Logan Gilbert,SEA,12,11,3.43,32,32,0,0,,198.2,808,176,82,76,25,43,1,6,208
16,Blake Snell,LAD,12,8,3.51,29,29,0,0,,170.0,712,134,72,66,21,73,0,5,221
17,Roki Sasaki,LAD,10,6,3.30,24,24,0,0,,138.2,567,110,55,51,16,43,0,7,179
18,Sandy Alcantara,MIA,10,11,3.81,29,29,0,0,,188.2,790,187,87,80,21,48,1,8,170
19,George Kirby,SEA,11,10,3.52,31,31,0,0,,180.1,735,169,76,70,23,27,0,7,171
20,Max Fried,NYY,12,9,3.42,29,29,0,0,,173.0,723,165,73,66,18,48,1,6,164
21,Aaron Nola,PHI,12,10,3.85,31,31,0,0,,187.2,781,179,87,80,26,45,1,6,185
22,Cristopher Sánchez,PHI,11,9,3.48,29,29,0,0,,169.2,707,164,73,66,17,48,0,6,149
23,Joe Ryan,MIN,10,9,3.77,28,28,0,0,,159.2,656,141,71,67,24,37,0,7,177
24,Yoshinobu Yamamoto,LAD,11,8,3.58,28,28,0,0,,158.2,655,144,69,63,19,43,0,5,167
25,Michael King,SDP,12,10,3.65,31,31,0,0,,179.2,753,157,79,73,22,64,1,8,191
26,Freddy Peralta,MIL,11,10,3.77,31,31,0,0,,178.0,744,151,80,74,24,63,0,8,205
27,Hunter Brown,HOU,11,9,3.70,29,29,0,0,,167.2,703,153,75,69,18,58,0,6,175
28,Shota Imanaga,CHC,11,9,3.65,29,29,0,0,,179.2,740,167,78,73,26,38,0,6,182
29,Gerrit Cole,NYY,12,10,3.99,31,31,0,0,,189.0,792,174,90,84,29,53,0,7,197
30,Yusei Kikuchi,LAA,11,10,3.77,31,31,0,0,,176.0,728,157,80,74,25,55,0,6,196
31,Shane McClanahan,TBR,10,8,3.44,34,26,0,1,,159.0,654,140,66,61,19,46,1,5,175
32,Spencer Strider,ATL,9,5,3.20,21,21,0,0,,119.1,485,92,46,42,13,39,0,5,158
33,Nathan Eovaldi,TEX,11,10,3.79,29,29,0,0,,176.0,735,168,81,74,22,47,1,7,171
34,Kevin Gausman,TOR,12,11,3.92,32,32,0,0,,193.1,813,183,91,84,26,55,0,5,192
35,Hunter Greene,CIN,10,10,4.17,29,29,0,0,,172.0,731,149,85,80,27,63,0,12,205
36,Ranger Suárez,PHI,11,9,3.60,40,28,0,1,,167.0,702,159,73,67,18,53,1,6,151
37,Justin Steele,CHC,11,9,3.57,29,29,0,0,,170.0,703,158,73,67,19,48,1,7,166
38,Luis Castillo,SEA,11,11,3.64,31,31,0,0,,184.1,767,166,81,74,24,52,1,7,187
39,Tanner Houck,BOS,11,10,3.98,40,29,0,1,,179.2,766,182,87,80,18,55,1,11,160
40,Spencer Schwellenbach,ATL,12,9,3.79,29,29,0,0,,172.0,716,165,79,72,21,43,1,8,166
41,Reynaldo López,ATL,12,9,3.91,31,31,0,0,,179.0,753,164,84,78,22,61,0,6,189
42,Carlos Rodón,NYY,11,10,3.97,31,31,0,0,,176.0,738,155,83,78,27,54,0,8,199
43,MacKenzie Gore,WSN,11,11,3.74,31,31,0,0,,174.1,733,152,78,73,22,65,0,7,188
44,Seth Lugo,KCR,11,11,4.15,31,31,0,0,,190.1,811,194,95,88,23,54,1,8,166
45,Zach Eflin,BAL,11,10,3.91,29,29,0,0,,176.0,731,180,83,76,25,31,1,6,148
46,Brandon Woodruff,MIL,10,9,3.77,26,26,0,0,,156.2,649,141,71,66,22,42,0,6,167
47,Kodai Senga,NYM,11,9,3.78,34,26,0,1,,163.1,693,143,74,69,20,66,1,6,177
48,Zac Gallen,ARI,11,9,3.92,29,29,0,0,,170.2,725,164,81,74,20,53,0,7,172
49,Tanner Bibee,CLE,10,10,3.86,29,29,0,0,,173.1,727,160,80,74,24,49,0,8,178
50,Jared Jones,PIT,10,10,3.91,36,28,0,1,,167.0,705,152,78,73,21,57,1,8,172
51,Brayan Bello,BOS,10,10,4.08,29,29,0,0,,167.1,717,168,83,76,18,59,0,8,153
52,Jack Flaherty,DET,10,10,3.74,29,29,0,0,,169.2,716,154,76,70,21,53,1,8,178
53,Grayson Rodriguez,BAL,11,9,3.69,28,28,0,0,,162.1,679,146,72,67,20,53,0,6,173
54,Shohei Ohtani,LAD,9,6,3.49,21,21,0,0,,120.2,498,102,51,47,15,39,0,6,141
55,Bailey Ober,MIN,10,10,4.04,29,29,0,0,,171.0,717,161,82,77,27,42,0,7,176
56,Nick Lodolo,CIN,9,8,3.92,24,24,0,0,,138.1,584,126,65,60,19,44,0,12,151
57,Nick Pivetta,SDP,10,9,3.88,28,28,0,0,,152.2,634,132,70,66,23,50,1,5,175
58,Mitch Keller,PIT,10,12,4.25,31,31,0,0,,182.0,777,180,93,86,23,57,1,11,164
59,Brady Singer,CIN,10,10,4.25,29,29,0,0,,170.1,730,174,87,80,25,48,0,9,161
60,Germán Márquez,COL,8,11,4.75,28,28,0,0,,164.2,713,179,93,87,24,54,1,6,138
61,Michael Wacha,KCR,9,10,4.28,28,28,0,0,,159.1,676,159,81,76,22,47,0,6,138
62,Jesús Luzardo,PHI,10,9,3.94,41,26,0,1,,161.1,681,147,76,71,23,55,1,6,166
63,Chris Bassitt,TOR,11,11,4.14,31,31,0,0,,179.0,766,173,89,82,23,60,1,11,164
64,José Soriano,LAA,9,9,3.91,26,26,0,0,,148.1,638,140,71,64,15,62,1,9,144
65,Clay Holmes,NYM,10,8,3.55,49,23,0,1,,155.1,667,146,68,61,12,63,1,8,145
66,Yu Darvish,SDP,10,10,4.16,29,29,0,0,,167.2,702,158,83,78,25,47,1,8,160
67,Erick Fedde,STL,10,10,4.21,29,29,0,0,,167.0,713,166,84,78,23,52,2,6,143
68,Taj Bradley,TBR,10,10,4.06,29,29,0,0,,170.1,718,157,83,77,25,57,0,6,179
69,Max Scherzer,TOR,8,7,3.91,27,21,0,1,,124.1,517,113,58,54,19,31,0,6,131
70,Kumar Rocker,TEX,9,8,3.85,33,23,0,1,,136.1,573,127,63,58,17,42,1,5,138
71,Reese Olson,DET,9,9,3.87,26,26,0,0,,144.0,611,138,67,62,16,46,0,6,132
72,Robbie Ray,SFG,10,10,3.91,28,28,0,0,,160.2,677,143,75,70,23,51,0,7,173
73,Ryan Pepiot,TBR,10,10,4.18,29,29,0,0,,164.2,701,150,82,77,25,60,0,9,173
74,Bryce Miller,SEA,10,11,3.90,31,31,0,0,,174.2,730,163,81,76,25,47,1,7,168
75,Clarke Schmidt,NYY,9,9,4.02,41,24,0,1,,149.0,634,140,72,67,21,49,1,8,145
76,José Berríos,TOR,11,12,4.31,32,32,0,0,,191.1,820,194,99,92,28,53,1,11,166
77,Jeffrey Springs,ATH,9,9,3.83,34,26,0,1,,154.0,643,144,71,66,21,43,0,5,149
78,Brandon Pfaadt,ARI,9,8,3.98,33,23,0,1,,137.1,573,133,65,61,19,33,1,5,134
79,Nestor Cortes,MIL,8,8,3.97,44,21,0,1,,142.0,594,131,67,63,22,39,1,5,144
80,Miles Mikolas,STL,10,11,4.29,31,31,0,0,,178.2,754,192,92,85,26,34,0,7,128
81,Eduardo Rodriguez,ARI,9,8,4.02,32,24,0,1,,144.1,613,142,70,64,18,45,1,4,133
82,Sean Manaea,NYM,10,9,4.04,28,28,0,0,,162.1,689,149,78,73,23,57,0,8,163
83,Ryan Feltner,COL,9,13,4.89,31,31,0,0,,177.1,772,189,103,96,27,62,0,8,154
84,Drew Rasmussen,TBR,8,7,3.71,43,19,0,1,,128.0,532,123,57,53,15,33,1,4,122
85,Bryan Woo,SEA,9,9,3.86,26,26,0,0,,143.2,597,135,66,62,20,34,0,7,135
86,Matthew Boyd,CHC,8,8,3.94,31,23,0,1,,132.0,556,121,62,58,18,43,0,6,131
87,Merrill Kelly,ARI,9,9,4.19,26,26,0,0,,152.1,653,152,77,71,20,50,1,5,141
88,Max Meyer,MIA,8,10,4.24,34,24,0,1,,145.1,623,146,74,68,19,49,1,6,128
89,David Peterson,NYM,10,8,3.72,32,26,0,1,,152.2,655,145,69,63,16,59,1,7,140
90,Jon Gray,TEX,9,9,4.26,37,24,0,1,,145.2,620,144,74,69,21,45,1,6,133
91,Gavin Williams,CLE,9,9,4.10,26,26,0,0,,146.1,625,135,72,67,20,55,1,6,149
92,Nick Martinez,CIN,8,10,4.56,49,23,0,1,,152.2,655,160,83,77,25,42,1,6,130
93,Reid Detmers,LAA,7,7,3.91,36,18,0,1,,115.1,484,102,54,50,16,40,1,6,127
94,Kutter Crawford,BOS,8,8,4.32,53,18,0,1,,133.0,561,128,68,64,21,37,1,6,131
95,Luis Severino,ATH,10,11,4.25,31,31,0,0,,182.2,780,180,93,86,26,61,0,9,159
96,Edward Cabrera,MIA,7,9,4.05,35,23,0,1,,131.2,567,117,64,59,15,62,0,7,142
97,Jake Irvin,WSN,9,11,4.33,29,29,0,0,,169.0,719,169,87,81,24,54,1,7,141
98,Shane Bieber,CLE,6,5,3.60,25,15,0,1,,95.2,398,91,42,38,11,23,0,3,96
99,Ronel Blanco,HOU,9,10,4.37,28,28,0,0,,159.2,688,150,83,77,23,66,0,5,157
100,Alex Cobb,DET,6,6,3.67,18,18,0,0,,99.2,419,99,45,41,9,28,0,4,83
101,Aaron Civale,MIL,8,10,4.35,39,24,0,1,,149.0,640,148,77,72,24,43,1,7,143
102,David Festa,MIN,7,7,3.92,42,16,0,1,,114.0,483,104,54,50,14,41,1,5,118
103,Lucas Giolito,BOS,8,9,4.44,33,23,0,1,,137.2,589,134,73,68,21,48,1,5,136
104,Bowden Francis,TOR,9,10,4.34,36,26,0,1,,159.0,677,154,82,77,26,44,1,9,147
105,Andrew Abbott,CIN,8,9,4.67,24,24,0,0,,135.1,586,134,75,70,24,49,0,4,131
106,Andre Pallante,STL,9,9,4.02,41,24,0,1,,154.1,666,159,76,69,13,62,1,6,114
107,Walker Buehler,BOS,9,10,4.59,40,26,0,1,,154.1,668,162,85,79,21,52,1,6,131
108,Kyle Gibson,,8,8,4.26,23,23,0,0,,134.2,581,137,69,64,18,46,1,5,114
109,Justin Verlander,SFG,8,9,4.21,24,24,0,0,,141.1,600,140,71,66,21,35,0,6,120
110,Ryan Weathers,MIA,8,10,4.18,32,26,0,1,,151.2,653,150,76,70,20,55,1,7,135
111,Mason Miller,ATH,4,3,2.58,67,0,30,2,,67.0,267,45,21,19,6,23,2,3,99
112,Andrew Heaney,PIT,8,9,4.28,35,23,0,1,,132.1,565,129,67,63,19,41,1,8,123
113,Chris Paddack,MIN,7,8,4.13,55,16,0,1,,128.2,539,128,63,59,18,31,1,4,118
114,Charlie Morton,BAL,10,9,4.19,28,28,0,0,,156.1,674,148,79,73,21,61,1,11,156
115,Tyler Mahle,TEX,9,9,4.35,26,26,0,0,,147.2,630,145,76,71,23,46,0,6,138
116,Steven Matz,STL,7,7,3.92,42,18,0,1,,121.0,508,117,57,53,15,34,1,5,107
117,Casey Mize,DET,7,8,4.15,23,23,0,0,,123.2,528,126,62,57,16,35,0,5,100
118,Kyle Freeland,COL,7,12,5.13,28,28,0,0,,155.2,680,180,95,89,26,42,0,6,115
119,Jameson Taillon,CHC,9,11,4.47,29,29,0,0,,167.2,711,175,89,83,26,40,0,5,135
120,Lance Lynn,,7,8,4.38,21,21,0,0,,121.0,517,118,63,59,19,39,0,5,113
121,Mitchell Parker,WSN,9,10,4.26,36,26,0,1,,155.1,667,151,79,74,22,57,1,4,136
122,Antonio Senzatela,COL,7,10,5.09,42,23,0,1,,143.1,627,170,87,81,21,39,1,6,92
123,Tobias Myers,MIL,8,9,4.36,42,23,0,1,,145.0,622,144,75,70,23,44,1,6,132
124,Eury Pérez,MIA,5,5,3.93,15,15,0,0,,80.2,339,71,38,35,11,26,0,3,90
125,Luis Garcia,HOU,7,7,4.21,33,19,0,1,,123.1,520,117,62,58,19,39,1,4,121
126,Davis Martin,CHW,7,10,4.55,24,24,0,0,,137.0,592,138,74,69,21,50,0,7,117
127,Kyle Harrison,SFG,8,8,4.01,24,24,0,0,,133.0,570,122,64,59,17,49,0,7,136
128,Shane Baz,TBR,8,10,4.44,36,24,0,1,,149.2,644,146,79,74,23,55,1,7,140
129,Rhett Lowder,CIN,7,8,4.54,42,18,0,1,,124.1,536,130,68,63,18,40,1,5,102
130,Spencer Arrighetti,HOU,8,9,4.40,26,26,0,0,,141.1,609,130,74,69,21,61,0,7,144
131,Kris Bubic,KCR,7,7,4.12,42,18,0,1,,123.0,527,122,61,56,15,44,1,5,112
132,DJ Herz,WSN,7,8,4.01,36,19,0,1,,121.1,522,103,58,54,16,59,1,6,131
133,Frankie Montas,NYM,7,6,4.08,19,19,0,0,,105.0,449,100,51,48,14,37,1,4,101
134,Jose Quintana,MIL,8,9,4.34,24,24,0,0,,135.2,592,139,71,65,18,50,0,6,114
135,Alec Marsh,KCR,7,7,4.41,36,18,0,1,,114.2,495,113,60,56,16,41,1,7,109
136,Jhoan Duran,MIN,4,3,2.79,65,0,22,5,,65.0,265,52,22,20,5,21,2,3,81
137,Luis Gil,NYY,6,6,4.19,29,16,0,1,,102.0,440,88,51,48,15,47,0,5,114
138,Clayton Kershaw,LAD,5,4,3.90,13,13,0,0,,71.1,300,69,34,31,10,20,0,3,66
139,Félix Bautista,BAL,4,2,2.76,60,0,26,4,,60.0,243,42,20,18,6,23,1,2,87
140,Tyler Anderson,LAA,9,12,4.75,29,29,0,0,,171.1,750,177,97,90,28,63,1,7,136
141,Kyle Wright,KCR,5,6,4.16,35,13,0,1,,94.2,405,96,48,44,10,31,1,5,80
142,Quinn Mathews,STL,6,6,3.91,28,16,0,1,,104.1,445,98,49,45,12,39,1,5,96
143,Yariel Rodríguez,TOR,6,6,3.99,59,11,0,1,,106.1,456,95,51,47,14,44,1,5,115
144,Dean Kremer,BAL,8,9,4.45,24,24,0,0,,135.0,580,136,72,67,21,45,0,5,119
145,Edwin Díaz,NYM,4,3,2.94,65,0,36,2,,65.0,265,46,23,21,6,24,1,3,90
146,Zebby Matthews,MIN,5,5,4.01,39,11,0,1,,89.1,373,89,43,40,13,19,1,3,80
147,Michael Lorenzen,KCR,8,10,4.65,56,21,0,1,,152.1,670,159,85,79,20,62,1,6,121
148,Lance McCullers Jr.,HOU,5,5,3.91,39,11,0,1,,92.2,394,88,44,40,10,35,1,4,89
149,Marcus Stroman,NYY,8,9,4.45,44,23,0,1,,145.1,635,155,78,72,19,49,1,6,111
150,Dustin May,LAD,4,3,3.57,52,5,0,4,,74.1,310,65,32,29,8,25,1,3,82
151,Simeon Woods Richardson,MIN,8,10,4.71,26,26,0,0,,137.2,600,141,77,72,21,51,0,5,116
152,JP Sears,ATH,9,12,4.62,31,31,0,0,,177.2,761,180,97,91,30,52,1,10,145
153,Ryan Helsley,STL,4,3,3.06,66,0,35,2,,66.0,271,50,24,22,7,25,2,2,83
154,Paul Blackburn,NYM,7,7,4.15,46,16,0,1,,119.1,511,121,60,55,16,34,2,5,102
155,Jonathan Cannon,CHW,7,12,4.79,32,26,0,1,,162.0,707,172,93,86,26,57,1,7,122
156,Sean Burke,CHW,7,10,4.72,31,23,0,1,,136.2,598,133,76,72,22,61,1,6,125
157,Martín Pérez,CHW,7,10,4.66,24,24,0,0,,139.2,615,150,78,72,20,51,0,6,103
158,Matt Strahm,PHI,4,3,3.30,67,0,3,12,,67.0,272,54,26,25,8,19,2,3,79
159,Jordan Montgomery,ARI,7,7,4.21,42,16,0,1,,115.2,495,122,59,54,14,33,1,4,91
160,Jordan Hicks,SFG,8,9,4.06,40,23,0,1,,139.0,602,134,68,63,14,59,1,8,126
161,Joey Cantillo,CLE,6,7,4.04,33,16,0,1,,106.1,458,97,52,48,13,47,1,4,107
162,Josh Hader,HOU,4,3,3.17,68,0,33,2,,68.0,279,49,26,24,8,27,1,3,94
163,Griffin Jax,MIN,4,3,3.22,70,0,8,11,,70.0,287,59,27,25,7,20,2,3,82
164,Zack Littell,TBR,8,9,4.55,33,23,0,1,,135.1,577,142,73,68,23,33,0,5,114
165,Michael Soroka,WSN,6,7,4.26,52,15,0,1,,117.1,504,111,60,56,16,46,1,6,109
166,Emmanuel Clase,CLE,4,3,3.10,66,0,34,2,,66.0,270,61,25,23,5,16,2,2,68
167,Kyle Hendricks,LAA,7,9,4.89,24,24,0,0,,131.2,575,146,77,72,22,38,1,5,93
168,Cade Smith,CLE,4,3,3.11,68,0,2,14,,68.0,280,54,26,23,7,23,1,3,85
169,Jeff Hoffman,TOR,4,3,3.28,65,0,26,4,,65.0,269,52,26,24,7,22,2,3,79
170,Tylor Megill,NYM,5,4,3.62,53,6,0,1,,82.0,342,73,36,33,10,27,1,3,86
171,Bailey Falter,PIT,7,9,4.60,43,19,0,1,,127.2,548,134,70,65,20,38,1,4,97
172,Andrés Muñoz,SEA,4,3,2.83,64,0,26,4,,64.0,263,48,22,20,5,25,2,3,83
173,Cade Cavalli,WSN,5,6,4.20,28,13,0,1,,88.2,380,83,45,41,12,33,1,5,83
174,Tanner Scott,LAD,4,3,3.14,66,0,25,8,,66.0,275,52,25,23,6,30,2,3,82
175,Grant Holmes,ATL,7,6,4.28,48,15,0,1,,114.1,489,115,58,54,15,37,2,5,103
176,Bryan Abreu,HOU,4,3,3.31,72,0,2,14,,72.0,299,56,29,26,7,29,1,4,91
177,Cal Quantrill,MIA,7,11,4.84,26,26,0,0,,146.1,646,157,84,79,21,53,0,8,110
178,Orion Kerkering,PHI,4,3,3.20,63,0,5,12,,63.0,259,52,25,22,6,21,1,3,72
179,Aroldis Chapman,BOS,4,3,3.14,63,0,12,9,,63.0,264,45,24,22,6,35,1,2,89
180,Mitch Spence,ATH,7,8,4.33,31,19,0,1,,119.2,512,124,62,57,16,36,0,5,92
181,Austin Gomber,COL,7,11,5.28,26,26,0,0,,143.0,626,167,89,84,26,40,1,4,102
182,Ian Anderson,ATL,6,6,4.38,24,16,0,1,,99.0,431,102,52,48,12,39,1,3,84
183,Javier Assad,CHC,8,9,4.43,45,21,0,1,,138.0,599,139,73,68,19,52,1,6,117
184,Garrett Whitlock,BOS,4,3,3.63,67,0,2,16,,67.0,277,63,29,27,8,16,1,3,69
185,Cade Povich,BAL,5,6,4.24,27,15,0,1,,92.0,396,89,47,43,13,34,1,4,84
186,Cody Bradford,TEX,5,5,4.18,47,10,0,1,,91.1,385,91,45,42,15,20,1,3,82
187,Keegan Akin,BAL,4,3,3.37,70,0,2,16,,70.0,289,61,28,26,9,21,2,2,78
188,Lucas Erceg,KCR,4,3,3.41,67,0,11,10,,67.0,282,57,28,25,6,26,2,4,77
189,Hayden Wesneski,HOU,6,6,4.29,49,13,0,1,,107.1,457,105,55,51,16,35,1,5,99
190,Hayden Birdsong,SFG,7,7,4.01,40,18,0,1,,117.1,507,105,57,52,14,51,1,6,125
191,Trevor Megill,MIL,3,3,3.46,64,0,28,2,,64.0,265,52,26,25,7,23,2,3,79
192,Tomoyuki Sugano,BAL,8,9,4.65,29,23,0,1,,135.1,578,147,75,70,23,29,1,6,101
193,Ryan Walker,SFG,4,3,3.05,68,0,28,5,,68.0,279,55,25,23,6,22,1,4,81
194,Kenta Maeda,DET,5,5,4.09,54,8,0,1,,88.1,371,84,43,40,13,23,1,4,82
195,Patrick Corbin,,5,6,4.52,16,16,0,0,,91.0,393,97,49,46,13,28,0,3,69
196,Aaron Bummer,ATL,4,2,3.09,61,0,1,14,,61.0,254,53,23,21,4,24,2,3,68
197,Colin Rea,CHC,7,8,4.61,31,19,0,1,,120.0,516,126,66,61,19,34,1,6,97
198,Bubba Chandler,PIT,4,6,4.51,15,15,0,0,,83.0,363,83,45,42,11,35,0,4,72
199,Justin Martinez,ARI,4,3,3.11,67,0,17,9,,67.0,282,53,26,23,5,34,2,3,84
200,José Alvarado,PHI,3,3,3.29,60,0,3,10,,60.0,252,49,24,22,6,27,2,3,70
201,Chris Martin,TEX,3,3,3.34,58,0,20,6,,58.0,238,54,24,22,6,12,1,2,60
202,Jack Leiter,TEX,7,7,4.48,39,18,0,1,,118.1,515,111,63,59,18,50,1,6,118
203,Spencer Turnbull,,4,4,4.22,11,11,0,0,,62.2,269,62,32,29,8,21,0,3,55
204,Jason Adam,SDP,4,3,3.43,67,0,3,12,,67.0,278,54,28,26,7,23,2,4,78
205,AJ Smith-Shawver,ATL,5,5,4.20,48,8,0,1,,85.1,365,77,43,40,12,34,1,3,91
206,Chase Dollander,COL,5,8,5.11,18,18,0,0,,101.2,448,107,61,58,17,40,0,6,89
207,Jeremiah Estrada,SDP,3,3,3.25,63,0,3,14,,63.0,261,47,25,23,7,28,2,2,82
208,Fernando Cruz,NYY,3,3,3.36,61,0,0,13,,61.0,254,47,25,23,7,25,1,2,81
209,Hunter Harvey,KCR,3,3,3.61,60,0,2,14,,60.0,250,54,26,24,6,19,1,3,64
210,Ben Lively,CLE,7,10,4.79,24,24,0,0,,136.0,596,146,78,72,22,43,0,6,107
211,A.J. Puk,ARI,4,3,3.38,64,0,17,7,,64.0,266,54,26,24,7,22,2,3,75
212,Matt Waldron,SDP,5,5,4.47,21,13,0,1,,80.2,343,81,43,40,13,24,0,4,66
213,Devin Williams,NYY,4,3,3.25,63,0,31,3,,63.0,264,49,25,23,6,28,1,3,81
214,Drew Thorpe,CHW,4,7,4.83,16,16,0,0,,90.0,393,94,52,48,15,33,0,3,70
215,Luis L. Ortiz,CLE,7,10,4.61,38,23,0,1,,142.0,620,147,78,73,20,53,1,7,119
216,Ben Brown,CHC,3,2,3.46,31,3,0,1,,46.0,191,38,19,18,5,17,1,2,54
217,Robert Garcia,TEX,3,3,3.41,64,0,8,10,,64.0,268,55,26,24,7,23,2,3,72
218,Osvaldo Bido,ATH,6,7,4.40,42,16,0,1,,114.0,492,107,60,56,17,44,1,8,104
219,Brock Stewart,MIN,3,2,3.28,56,0,1,9,,56.0,232,44,22,20,6,22,1,2,71
220,Raisel Iglesias,ATL,4,3,3.45,68,0,32,1,,68.0,281,60,28,26,8,19,2,3,75
221,Liam Hendriks,BOS,3,3,3.71,61,0,23,6,,61.0,253,54,27,25,8,18,1,2,69
222,Trevor Williams,WSN,6,8,4.45,53,15,0,1,,116.0,498,120,62,57,18,34,1,4,94
223,Andrew Painter,PHI,4,4,4.40,19,11,0,1,,72.2,309,70,38,35,11,24,0,3,66
224,Blake Treinen,LAD,3,3,3.54,59,0,6,14,,59.0,246,52,25,23,7,19,1,3,64
225,Jack Kochanowicz,LAA,5,6,4.61,29,15,0,1,,98.0,426,112,55,50,13,27,1,7,57
226,David Robertson,,3,2,3.28,57,0,0,0,,57.0,239,46,23,21,6,22,1,3,70
227,Ben Joyce,LAA,3,3,3.36,62,0,7,10,,62.0,261,49,25,23,6,29,1,4,78
228,Gregory Santos,SEA,3,3,3.34,62,0,5,13,,62.0,260,54,25,23,6,23,1,3,65
229,Ryne Nelson,ARI,6,5,4.18,55,10,0,1,,99.0,417,101,49,46,13,25,2,3,83
230,Landen Roupp,SFG,4,4,3.64,55,5,0,4,,77.1,329,70,34,31,8,30,1,3,78
231,Matt Brash,SEA,3,2,2.92,48,0,0,1,,48.0,198,36,17,16,4,19,1,2,61
232,Yimi García,TOR,3,3,3.51,61,0,3,14,,61.0,252,52,26,24,7,19,2,3,68
233,David Bednar,PIT,3,3,3.82,64,0,28,4,,64.0,271,56,29,27,7,24,2,3,69
234,Tony Gonsolin,LAD,6,6,4.62,39,15,0,1,,105.1,456,106,58,54,17,36,1,5,95
235,Ryan Pressly,CHC,3,3,3.40,61,0,25,5,,61.0,254,55,25,23,6,19,1,2,64
236,Reed Garrett,NYM,4,3,3.45,66,0,0,15,,66.0,278,55,28,25,7,27,2,3,75
237,Robert Suarez,SDP,3,3,3.55,65,0,28,4,,65.0,270,56,28,26,8,22,2,2,69
238,Cole Sands,MIN,3,3,3.71,64,0,1,15,,64.0,268,57,28,26,8,20,1,3,69
239,Will Warren,NYY,4,3,3.84,43,5,0,1,,65.0,275,62,30,28,8,20,1,3,62
240,Louis Varland,MIN,3,3,3.61,56,2,0,7,,63.0,261,59,27,25,7,16,2,2,63
241,Brady Basso,ATH,3,3,3.58,55,2,0,5,,62.0,257,57,27,25,8,17,1,2,59
242,Johan Oviedo,PIT,4,5,4.36,32,10,0,1,,76.2,333,76,40,37,9,31,1,4,67
243,Camilo Doval,SFG,3,3,3.16,62,0,10,12,,62.0,260,50,24,22,5,27,2,3,75
244,Kevin Ginkel,ARI,3,3,3.50,61,0,3,14,,61.0,254,55,26,24,6,19,1,2,66
245,Pete Fairbanks,TBR,3,3,3.55,60,0,22,7,,60.0,251,51,26,24,7,23,1,2,68
246,Justin Slaten,BOS,3,3,3.89,64,0,0,13,,64.0,271,59,30,28,7,24,1,2,66
247,A.J. Minter,NYM,3,2,3.34,54,0,2,11,,54.0,224,45,22,20,6,18,1,2,61
248,Mark Leiter Jr.,NYY,3,3,3.63,58,0,0,12,,58.0,245,50,25,23,7,21,2,3,66
249,Justin Wilson,BOS,3,3,3.84,58,0,0,10,,58.0,244,53,27,25,7,20,1,2,60
250,Griffin Canning,NYM,6,5,4.17,46,11,0,1,,97.2,417,96,49,45,14,31,1,4,89
251,Tanner Banks,PHI,4,3,3.65,68,0,0,12,,68.0,285,62,30,28,8,23,2,3,68
252,Bryan Hudson,MIL,3,3,3.52,60,0,1,11,,60.0,252,52,26,23,7,22,1,3,65
253,Matthew Liberatore,STL,5,4,3.79,65,5,2,12,,85.2,364,80,39,36,10,30,2,4,80
254,Will Vest,DET,4,3,3.40,68,0,2,12,,68.0,284,62,28,26,7,21,2,3,68
255,Pierce Johnson,ATL,4,3,3.55,64,0,2,12,,64.0,270,54,27,25,7,26,2,2,77
256,Seranthony Domínguez,BAL,3,3,3.71,62,0,3,12,,62.0,259,54,28,26,8,22,1,3,69
257,Jakob Junis,CLE,4,3,3.79,62,2,0,11,,68.2,287,67,31,29,9,15,2,3,67
258,Yennier Cano,BAL,3,3,3.40,61,0,1,12,,61.0,255,56,25,23,5,21,1,2,61
259,Brant Hurter,DET,3,3,3.46,60,0,0,5,,60.0,251,59,25,23,6,14,1,3,51
260,Evan Phillips,LAD,3,2,3.51,50,0,0,7,,50.0,208,43,21,19,6,16,1,2,57
261,Noah Schultz,CHW,2,2,4.12,6,6,0,0,,37.0,158,36,18,17,5,13,0,2,33
262,Anthony DeSclafani,,3,4,4.49,10,10,0,0,,54.1,232,57,29,27,8,14,0,2,42
263,J.T. Ginn,ATH,5,6,4.30,35,13,0,1,,94.2,410,98,49,45,12,33,1,5,70
264,Colin Holderman,PIT,3,3,3.85,62,0,3,13,,62.0,265,56,29,27,6,25,2,3,63
265,Alex Wood,,4,5,4.54,13,13,0,0,,68.1,299,71,37,34,9,24,0,5,54
266,Ian Hamilton,NYY,3,3,3.52,60,0,1,15,,60.0,254,53,26,23,6,23,1,3,65
267,Kenley Jansen,LAA,3,3,3.93,60,0,26,4,,60.0,252,50,28,26,8,23,2,2,70
268,Erik Miller,SFG,3,3,3.19,61,0,1,12,,61.0,258,47,24,22,6,30,1,2,76
269,Andrew Nardi,MIA,3,2,3.49,50,0,0,4,,50.0,209,41,21,19,6,20,1,2,61
270,Bobby Miller,LAD,3,2,3.70,42,2,0,1,,48.2,204,44,22,20,6,16,1,2,51
271,Alex Vesia,LAD,3,3,3.74,58,0,0,14,,58.0,245,46,26,24,8,25,2,2,72
272,Gregory Soto,BAL,3,3,3.39,59,0,0,10,,59.0,248,50,24,22,6,25,1,3,67
273,Yuki Matsui,SDP,3,3,3.51,58,0,0,11,,58.0,244,48,24,23,7,24,2,2,67
274,Adrian Morejon,SDP,3,3,3.50,61,0,1,12,,61.0,253,52,26,24,7,23,1,2,65
275,Forrest Whitley,HOU,3,3,3.78,59,0,0,11,,59.0,251,52,27,25,6,25,1,3,62
276,Dane Dunning,TEX,4,4,4.01,56,3,0,7,,70.2,302,69,34,31,9,22,1,4,66
277,Albert Suárez,BAL,4,4,4.10,59,5,0,5,,80.2,340,78,39,37,12,22,2,3,76
278,Abner Uribe,MIL,3,2,3.48,49,0,0,1,,49.0,210,40,21,19,4,26,1,2,59
279,Tyler Holton,DET,4,3,3.57,72,0,6,13,,72.0,301,68,31,29,8,20,2,3,65
280,Caleb Ferguson,PIT,3,3,3.60,60,0,1,11,,60.0,256,54,26,24,6,25,1,3,63
281,Anthony Bender,MIA,3,3,3.67,60,0,5,12,,60.0,254,55,27,24,6,22,2,3,61
282,Joe Boyle,TBR,3,3,4.01,41,5,0,1,,62.1,272,51,30,28,7,37,1,3,74
283,Kirby Yates,LAD,3,3,3.70,60,0,9,11,,60.0,254,49,27,25,7,28,2,3,74
284,Nick Mears,MIL,3,3,3.61,59,0,0,11,,59.0,249,48,25,24,7,26,1,2,72
285,Dylan Lee,ATL,3,3,3.53,62,0,0,13,,62.0,258,54,26,24,8,20,2,2,69
286,Randy Vásquez,SDP,4,4,4.54,25,10,0,1,,67.1,291,69,37,34,10,23,1,4,52
287,Jared Koenig,MIL,3,3,3.59,62,0,2,11,,62.0,261,56,27,25,7,21,2,3,62
288,DL Hall,MIL,3,2,3.82,31,3,0,1,,45.2,196,41,21,19,6,19,1,2,49
289,Slade Cecconi,CLE,3,3,4.02,42,3,0,1,,56.2,237,55,27,25,8,12,1,3,53
290,Caleb Thielbar,CHC,3,3,3.68,56,0,0,10,,56.0,235,48,25,23,7,21,1,2,61
291,Daysbel Hernández,ATL,3,3,3.75,58,0,0,11,,58.0,248,49,26,24,6,27,1,3,68
292,Luke Weaver,NYY,4,3,3.74,68,0,6,13,,68.0,285,62,30,28,10,19,3,3,73
293,Joe Kelly,,2,1,3.22,34,0,0,0,,34.0,143,28,13,12,3,15,1,2,40
294,Aaron Ashby,MIL,3,3,3.88,42,5,0,1,,64.0,277,59,30,28,6,31,1,3,62
295,Dedniel Núñez,NYM,3,2,3.46,49,0,0,4,,49.0,205,41,20,19,6,18,1,2,54
296,Taylor Rogers,CIN,3,3,3.98,62,0,3,13,,62.0,266,56,30,27,8,24,2,3,69
297,Jesus Tinoco,MIA,3,3,3.81,64,0,6,10,,64.0,272,59,29,27,7,24,2,3,65
298,Josh Winckowski,BOS,3,3,3.95,55,0,0,7,,55.0,233,56,26,24,6,17,2,2,48
299,Joe Ross,PHI,3,3,4.01,56,2,0,6,,63.0,267,60,30,28,8,21,4,3,58
300,Jonathan Loáisiga,NYY,2,2,3.65,40,0,0,1,,40.0,169,39,18,16,4,12,1,2,35
301,Michael Grove,LAD,2,2,3.66,44,0,0,1,,44.0,182,39,19,18,6,13,1,2,47
302,Bryce Elder,ATL,3,3,4.22,16,6,0,1,,46.0,199,48,24,22,5,15,0,2,38
303,Angel Zerpa,KCR,3,3,3.66,59,0,0,12,,59.0,249,57,26,24,6,20,1,3,53
304,Kyle Bradish,BAL,1,1,3.25,12,2,0,1,,19.0,78,17,8,7,2,5,0,1,21
305,Tim Herrin,CLE,3,3,3.49,62,0,0,14,,62.0,262,55,26,24,6,25,1,3,67
306,Shawn Armstrong,TEX,3,3,4.03,61,0,1,12,,61.0,258,58,29,27,8,19,1,3,60
307,Jorge Alcala,MIN,3,3,3.99,60,0,1,12,,60.0,255,53,28,27,8,23,1,3,65
308,Brock Burke,LAA,3,3,3.98,66,0,1,16,,66.0,280,61,31,29,9,24,2,3,66
309,Braxton Ashcraft,PIT,2,3,4.13,33,3,0,1,,48.1,205,49,24,22,6,13,1,2,41
310,José Suarez,LAA,4,3,3.96,62,2,0,10,,68.2,291,64,33,30,10,23,3,3,67
311,Gabe Speier,SEA,3,3,3.46,58,0,0,10,,58.0,242,51,24,22,6,20,2,3,60
312,Jose A. Ferrer,WSN,3,3,3.70,62,0,3,11,,62.0,263,59,28,26,6,23,2,3,53
313,Wade Miley,CIN,3,4,4.79,10,10,0,0,,53.1,235,60,31,28,8,18,0,2,38
314,JoJo Romero,STL,3,3,3.45,61,0,1,13,,61.0,257,56,26,23,6,21,1,3,60
315,Drey Jameson,ARI,3,2,3.72,50,0,0,4,,50.0,210,48,22,21,5,16,1,2,48
316,Carlos Estévez,KCR,3,3,4.12,64,0,21,6,,64.0,273,60,31,29,8,23,2,3,63
317,Garrett Cleavinger,TBR,3,3,3.72,63,0,3,15,,63.0,268,53,28,26,7,28,1,3,75
318,Angel Perdomo,ATL,3,2,3.57,54,0,0,7,,54.0,229,44,23,21,6,25,2,3,66
319,Jordan Wicks,CHC,3,3,4.04,21,6,0,1,,50.0,213,48,24,22,7,17,0,2,45
320,John Schreiber,KCR,3,3,4.02,61,0,1,12,,61.0,263,59,30,27,6,24,2,3,56
321,Sawyer Gipson-Long,DET,2,2,3.69,30,2,0,1,,37.1,155,35,17,15,4,10,1,2,35
322,Michael McGreevy,STL,2,2,3.63,34,2,0,1,,41.1,172,42,18,17,4,9,1,1,32
323,Joel Payamps,MIL,3,3,3.84,61,0,2,13,,61.0,257,57,28,26,8,20,2,3,60
324,Kody Funderburk,MIN,2,2,3.56,48,0,0,1,,48.0,204,44,21,19,5,19,1,3,48
325,Jordan Romano,PHI,3,3,3.89,59,0,23,4,,59.0,249,52,27,26,8,23,2,3,63
326,Brennan Bernardino,BOS,3,2,3.81,52,0,0,4,,52.0,223,49,24,22,5,20,2,3,52
327,Craig Yoho,MIL,2,2,3.70,47,0,0,1,,47.0,200,41,21,19,5,19,1,2,52
328,Riley O'Brien,STL,3,2,3.75,53,0,0,7,,53.0,228,48,24,22,5,24,1,3,53
329,Nate Pearson,CHC,3,3,3.85,54,0,0,7,,54.0,228,47,25,23,7,21,1,2,59
330,Kyle Finnegan,WSN,3,3,3.82,64,0,22,6,,64.0,270,59,29,27,7,24,2,2,63
331,Ryan Burr,TOR,3,2,3.69,50,0,0,4,,50.0,211,45,22,20,6,18,1,2,54
332,Luke Little,CHC,2,2,3.18,40,0,0,1,,40.0,170,31,16,14,3,21,1,3,50
333,Sean Hjelle,SFG,3,3,3.58,66,0,0,13,,66.0,281,66,29,26,6,17,2,4,56
334,Graham Ashcraft,CIN,3,3,4.09,53,0,0,4,,53.0,225,55,26,24,7,14,1,3,46
335,Michel Otañez,ATH,3,3,3.61,61,0,0,13,,61.0,262,49,27,24,6,32,1,4,72
336,Anthony Banda,LAD,3,3,3.82,57,0,0,13,,57.0,242,52,26,24,7,22,2,3,57
337,Danny Coulombe,MIN,3,2,3.71,51,0,0,4,,51.0,215,47,23,21,6,17,1,2,53
338,Jason Foley,DET,3,3,3.71,63,0,13,7,,63.0,266,62,28,26,6,19,1,3,54
339,Craig Kimbrel,,2,2,3.80,40,0,0,0,,40.0,170,33,18,17,5,18,1,2,48
340,Landon Knack,LAD,2,2,4.20,37,2,0,1,,44.0,185,41,22,20,7,13,1,2,45
341,John Brebbia,DET,3,3,3.85,57,0,0,9,,57.0,241,51,26,24,8,18,2,2,59
342,Huascar Ynoa,MIN,2,2,3.73,36,0,0,1,,36.0,152,33,16,15,4,12,1,1,37
343,Chase Silseth,LAA,3,3,4.02,48,2,0,1,,55.0,234,52,26,24,7,20,1,2,54
344,Ryan Brasier,CHC,3,3,3.76,58,0,2,13,,58.0,242,54,26,24,7,17,1,2,57
345,Bryan King,HOU,3,3,3.77,60,0,0,12,,60.0,256,55,27,25,7,24,1,3,60
346,Zack Thompson,STL,2,2,3.63,40,0,0,1,,40.0,170,35,18,16,4,16,1,2,41
347,Brandon Sproat,NYM,2,2,4.20,5,5,0,0,,27.2,119,27,14,13,4,10,0,1,24
348,Logan Allen,CLE,2,2,4.39,6,6,0,0,,35.0,152,35,18,17,5,13,0,1,30
349,Hoby Milner,TEX,3,3,3.80,58,0,0,11,,58.0,247,58,27,24,7,17,1,3,52
350,JT Brubaker,NYY,3,3,4.04,44,2,0,1,,51.0,217,49,25,23,8,15,1,2,50
351,Ryan Thompson,ARI,3,3,3.96,63,0,0,13,,63.0,269,64,30,28,6,20,2,3,51
352,Adam Mazur,MIA,2,3,4.74,6,6,0,0,,35.1,153,38,20,19,6,11,0,1,27
353,Trevor Rogers,BAL,3,3,4.21,27,6,0,1,,55.2,239,55,28,26,7,20,1,2,48
354,Jake Cousins,NYY,3,2,3.85,54,0,0,7,,54.0,233,46,25,23,6,26,1,3,62
355,Brenan Hanifee,DET,2,2,3.71,44,0,0,1,,44.0,186,44,20,18,4,12,1,2,35
356,Tristan Beck,SFG,3,3,3.95,48,2,0,1,,55.0,233,54,26,24,7,15,1,2,49
357,Julian Merryweather,CHC,3,2,3.70,52,0,0,4,,52.0,220,45,23,21,6,21,1,2,57
358,Keaton Winn,SFG,2,2,3.45,42,0,0,1,,42.0,175,39,18,16,4,11,1,2,41
359,Paul Sewald,CLE,3,3,4.03,59,0,1,12,,59.0,250,53,28,26,9,20,2,3,65
360,Joey Wentz,PIT,3,3,4.03,57,0,1,9,,57.0,244,53,27,26,7,22,1,2,56
361,Shane Smith,CHW,3,3,4.01,58,0,0,10,,58.0,247,55,28,26,7,21,1,3,55
362,Calvin Faucher,MIA,3,3,3.92,63,0,22,6,,63.0,271,58,30,27,7,26,2,3,64
363,Emilio Pagán,CIN,3,3,4.38,64,0,3,12,,64.0,272,60,33,31,11,22,1,2,67
364,Carson Whisenhunt,SFG,2,2,3.70,24,3,0,1,,39.1,168,36,18,16,4,15,1,2,40
365,Caden Dana,LAA,4,5,4.98,13,13,0,0,,71.2,315,74,42,40,13,27,0,4,60
366,Jalen Beeks,,2,2,3.78,37,0,0,0,,37.0,158,35,17,16,4,14,1,1,35
367,Mason Adams,CHW,1,2,4.62,5,5,0,0,,27.2,120,30,15,14,4,9,0,2,19
368,Derek Law,WSN,3,4,3.93,72,0,5,13,,72.0,306,69,34,31,8,25,1,3,62
369,Mike Burrows,PIT,2,2,4.27,35,2,0,1,,42.1,181,41,21,20,6,15,1,2,38
370,Quinn Priester,BOS,2,1,3.79,30,0,0,1,,30.0,126,30,14,13,3,9,1,1,27
371,Andrew Kittredge,BAL,3,3,3.90,64,0,2,13,,64.0,269,62,30,28,8,19,2,2,59
372,Clayton Beeter,NYY,1,1,3.75,28,0,0,1,,28.0,119,24,13,12,4,11,1,1,32
373,Daniel Lynch IV,KCR,3,3,4.10,52,2,0,4,,59.0,250,60,29,27,7,16,2,2,48
374,Luke Jackson,TEX,3,3,3.92,55,0,0,10,,55.0,236,50,26,24,6,24,1,2,58
375,José Leclerc,ATH,3,3,3.82,64,0,3,13,,64.0,272,53,29,27,8,28,1,3,72
376,Victor Vodnik,COL,3,3,4.37,66,0,3,11,,66.0,289,66,35,32,8,31,2,3,64
377,Alex Lange,DET,2,2,3.65,39,0,0,1,,39.0,168,33,17,16,4,19,1,2,43
378,Greg Weissert,BOS,3,3,4.17,60,0,0,12,,60.0,257,58,30,28,7,23,2,3,58
379,Jacob Waguespack,TBR,3,3,3.99,43,2,0,1,,50.1,214,47,24,22,6,19,1,2,51
380,Adam Ottavino,BOS,2,2,4.42,44,0,0,1,,44.0,191,42,23,22,5,18,1,3,43
381,Ronny Henriquez,MIA,2,3,4.02,53,0,0,6,,53.0,227,53,26,24,6,18,1,2,45
382,Joe Mantiply,ARI,3,3,3.79,59,0,0,11,,59.0,251,59,27,25,6,19,2,2,50
383,Scott Alexander,COL,3,3,4.31,56,0,0,9,,56.0,243,62,29,27,6,19,2,3,43
384,Tyler Phillips,PHI,2,2,4.04,43,0,0,1,,43.0,183,44,21,19,5,13,1,2,33
385,Jhony Brito,SDP,2,2,4.14,40,2,0,1,,47.0,200,47,23,22,6,15,1,2,37
386,Brusdar Graterol,LAD,1,1,3.62,22,0,0,1,,22.0,93,21,10,9,2,7,1,1,20
387,Tyler Kinley,COL,3,3,4.52,64,0,18,6,,64.0,277,62,34,32,9,26,1,3,66
388,Max Lazar,PHI,2,2,4.20,50,0,0,4,,50.0,214,50,25,23,7,17,1,2,41
389,Jorge López,WSN,3,3,3.98,60,0,7,12,,60.0,257,58,29,27,7,21,3,4,52
390,Drew Smyly,,2,2,3.95,38,0,0,0,,38.0,160,35,18,17,5,12,2,2,37
391,Joe Jiménez,ATL,1,1,3.70,27,0,0,1,,27.0,113,23,12,11,3,9,1,1,31
392,Scott Barlow,CIN,3,3,4.20,58,0,0,7,,58.0,252,54,29,27,8,24,2,3,62
393,Jonathan Bowlan,KCR,2,2,4.18,40,0,0,1,,40.0,171,41,20,19,5,12,1,2,33
394,Porter Hodge,CHC,3,3,3.76,63,0,11,10,,63.0,270,54,29,26,7,29,1,3,68
395,Triston McKenzie,CLE,6,8,4.81,42,18,0,1,,121.2,532,119,69,65,20,52,1,4,115
396,Ty Madden,DET,2,2,3.82,32,0,0,1,,32.0,135,29,15,14,4,10,1,1,31
397,Robert Stephenson,LAA,2,2,3.92,32,0,0,1,,32.0,134,28,15,14,5,11,1,1,37
398,Patrick Sandoval,BOS,1,1,3.76,8,2,0,1,,14.2,63,14,7,6,2,6,0,1,15
399,Wandy Peralta,SDP,3,2,3.73,52,0,0,4,,52.0,223,49,24,22,5,21,1,3,47
400,Tommy Kahnle,DET,3,3,3.69,58,0,2,10,,58.0,249,52,26,24,6,24,1,3,58
401,Josh Sborz,TEX,2,2,3.87,38,0,3,1,,38.0,162,34,18,16,5,15,1,1,41
402,Elvis Peguero,MIL,3,3,3.89,56,0,0,9,,56.0,241,53,26,24,6,23,1,3,53
403,John King,STL,3,3,3.73,59,0,0,12,,59.0,252,62,27,24,5,18,1,2,41
404,Ryan Fernandez,STL,3,3,3.82,65,0,1,16,,65.0,276,59,30,28,7,26,2,2,64
405,José Buttó,NYM,3,3,3.89,63,0,1,16,,63.0,269,57,29,27,8,23,1,3,63
406,Eiberson Castellano,MIN,2,2,3.93,42,0,0,1,,42.0,179,40,20,18,5,15,1,3,41
407,Seth Halvorsen,COL,3,3,4.73,63,0,9,8,,63.0,277,65,36,33,9,27,2,3,57
408,Brendon Little,TOR,3,3,3.62,56,0,0,10,,56.0,241,54,25,23,4,24,1,2,48
409,Andrew Chafin,DET,3,3,3.70,55,0,0,6,,55.0,237,48,25,23,6,24,1,2,59
410,Cooper Criswell,BOS,2,2,4.34,23,2,0,1,,29.2,128,32,16,14,4,8,0,2,23
411,José Quijada,LAA,3,3,4.00,62,0,0,12,,62.0,268,52,30,28,8,31,2,3,72
412,Yilber Diaz,ARI,3,2,4.05,42,2,0,1,,49.0,211,45,24,22,6,20,1,2,51
413,Danny Young,NYM,3,2,3.59,56,0,0,10,,56.0,242,50,25,22,5,24,1,4,58
414,Keider Montero,DET,2,2,4.13,20,3,0,1,,35.1,150,34,17,16,5,12,0,2,31
415,Troy Taylor,SEA,3,3,3.82,54,0,0,4,,54.0,231,49,25,23,6,22,1,3,53
416,Carson Spiers,CIN,2,2,4.60,38,2,0,1,,45.0,193,46,25,23,8,14,1,2,40
417,Chayce McDermott,BAL,3,2,3.97,31,3,0,1,,46.1,198,40,22,20,6,20,1,2,50
418,James McArthur,KCR,2,1,3.91,31,0,0,1,,31.0,132,31,15,13,3,10,1,2,28
419,Ryne Stanek,NYM,3,3,3.78,58,0,0,12,,58.0,246,48,26,24,7,24,2,2,66
420,Bryse Wilson,CHW,4,7,5.08,39,13,0,1,,96.1,423,105,58,54,17,32,2,4,71
421,Noah Cameron,KCR,1,1,3.63,21,0,0,1,,21.0,88,20,9,8,2,6,1,1,20
422,Justin Anderson,CHW,3,3,4.13,63,0,7,11,,63.0,272,58,31,29,8,28,2,3,63
423,Connor Thomas,MIL,3,3,3.86,54,0,0,6,,54.0,229,56,25,23,6,14,1,2,39
424,Edwin Uceta,TBR,3,3,4.05,65,0,9,11,,65.0,277,58,31,29,9,26,2,3,68
425,Bryan Baker,BAL,3,2,4.01,51,0,0,1,,51.0,218,46,24,23,7,21,1,2,53
426,Yosver Zulueta,CIN,2,2,4.08,46,0,0,1,,46.0,201,44,23,21,5,21,1,3,45
427,Michael Kopech,LAD,3,2,4.04,53,0,3,10,,53.0,225,44,25,24,7,24,1,3,63
428,Hurston Waldrep,ATL,2,2,4.33,15,3,0,1,,30.0,131,30,16,15,4,13,0,1,27
429,Jacob Lopez,ATH,2,2,3.80,41,0,0,1,,41.0,174,36,19,17,5,16,1,2,40
430,Andrew Walters,CLE,3,3,4.13,56,0,0,8,,56.0,242,50,27,26,7,25,1,2,62
431,Robby Snelling,MIA,1,2,4.61,5,5,0,0,,27.2,121,29,15,14,4,11,0,1,20
432,Daniel Palencia,CHC,2,2,3.67,38,0,0,1,,38.0,161,32,17,16,4,17,1,2,43
433,Alexis Díaz,CIN,3,3,4.49,65,0,28,3,,65.0,284,59,35,32,10,31,2,4,71
434,Sam Moll,CIN,3,3,4.05,55,0,0,10,,55.0,237,51,27,25,7,23,2,3,56
435,Justin Topa,MIN,2,2,3.93,50,0,0,1,,50.0,215,50,24,22,5,17,1,2,44
436,Kevin Kelly,TBR,3,3,3.87,53,0,0,5,,53.0,225,53,25,23,6,15,1,4,46
437,Michael Fulmer,BOS,2,2,4.21,50,0,0,1,,50.0,215,48,25,23,6,20,2,2,49
438,Emiliano Teodo,TEX,2,2,4.11,30,2,0,1,,37.1,162,34,18,17,4,18,1,2,38
439,Tink Hence,STL,1,1,4.31,3,3,0,0,,18.1,79,18,10,9,2,7,0,1,15
440,Colin Selby,BAL,2,2,3.72,46,0,0,1,,46.0,197,41,21,19,5,20,1,2,48
441,Declan Cronin,MIA,3,3,4.01,67,0,1,13,,67.0,289,67,33,30,6,26,2,4,57
442,Tayler Saucedo,SEA,3,3,3.62,61,0,0,12,,61.0,260,55,27,25,6,25,2,3,57
443,Trevor Stephan,CLE,2,2,3.92,36,0,0,1,,36.0,152,33,17,16,4,13,1,2,38
444,Walter Pennington,TEX,2,2,3.80,42,0,0,1,,42.0,180,40,19,18,4,17,1,2,39
445,Brandon Eisert,CHW,1,1,3.97,28,0,0,1,,28.0,120,27,13,12,4,10,1,1,26
446,Jackson Jobe,DET,6,8,4.64,31,19,0,1,,122.2,535,124,68,63,18,46,1,5,95
447,Carlos Hernández,KCR,2,2,4.16,48,0,0,1,,48.0,206,45,24,22,6,20,2,2,48
448,Taijuan Walker,PHI,3,4,4.49,51,3,0,1,,65.2,283,68,35,33,10,21,1,3,51
449,Stephen Kolek,SDP,2,3,4.08,31,3,0,1,,46.1,200,46,23,21,5,17,1,3,37
450,Dennis Santana,PIT,3,3,4.14,66,0,2,12,,66.0,285,63,33,30,7,27,2,3,62
451,Ross Stripling,KCR,2,2,4.44,28,2,0,1,,34.2,149,38,18,17,5,8,1,1,25
452,Hans Crouse,LAA,3,3,4.25,56,0,0,7,,56.0,242,49,28,26,8,27,1,2,63
453,Michael Tonkin,MIN,3,3,4.12,63,0,0,12,,63.0,269,59,31,29,8,23,1,3,62
454,Cionel Pérez,BAL,3,3,3.77,56,0,0,7,,56.0,241,52,26,23,5,25,1,3,52
455,Manuel Rodríguez,TBR,3,3,3.88,61,0,2,13,,61.0,261,58,29,26,7,23,2,3,58
456,Cam Booser,CHW,3,3,4.05,60,0,0,11,,60.0,257,55,29,27,9,24,1,2,62
457,Enyel De Los Santos,ATL,2,2,4.06,35,0,0,1,,35.0,150,32,17,16,5,13,1,2,36
458,Alek Manoah,TOR,1,1,4.12,10,2,0,1,,17.0,73,16,8,8,2,6,0,1,17
459,Tony Santillan,CIN,3,3,4.30,58,0,1,11,,58.0,251,52,30,28,9,26,1,3,65
460,Tyler Ferguson,ATH,3,3,3.88,62,0,1,15,,62.0,267,55,29,27,7,28,2,3,63
461,Sean Guenther,DET,2,2,3.67,43,0,0,1,,43.0,182,43,19,18,4,13,1,2,34
462,Evan Sisk,KCR,2,2,3.98,36,0,0,1,,36.0,157,35,17,16,3,16,1,2,33
463,Matt Manning,DET,2,2,3.96,28,2,0,1,,35.0,148,34,17,15,4,10,0,1,30
464,Jake Bird,COL,3,3,4.64,61,0,1,10,,61.0,268,64,34,31,8,25,2,4,53
465,Zach Penrod,BOS,1,1,4.02,18,0,0,1,,18.0,78,16,9,8,2,8,0,1,19
466,Chase Lee,DET,1,1,3.68,24,0,0,1,,24.0,102,22,11,10,2,8,1,1,23
467,Justin Wrobleski,LAD,2,2,4.07,36,0,0,1,,36.0,153,34,18,16,5,12,1,1,33
468,Huascar Brazobán,NYM,3,2,3.87,51,0,0,7,,51.0,219,46,24,22,6,23,1,2,51
469,Tyler Stuart,WSN,1,1,3.78,21,0,0,1,,21.0,88,20,10,9,2,6,1,1,19
470,Beau Brieske,DET,3,3,3.91,66,0,10,10,,66.0,281,60,31,29,8,24,2,2,64
471,Tyler Rogers,SFG,3,3,4.00,70,0,1,14,,70.0,298,74,34,31,8,17,1,4,50
472,Caleb Kilian,CHC,2,2,4.28,24,2,0,1,,31.0,134,32,16,15,4,10,1,2,24
473,Dauri Moreta,PIT,2,2,4.10,37,0,0,1,,37.0,159,34,18,17,5,15,1,2,39
474,José Ruiz,PHI,3,3,4.10,62,0,0,10,,62.0,265,58,30,28,8,24,1,2,60
475,Bennett Sousa,HOU,2,2,3.93,48,0,0,1,,48.0,206,45,23,21,6,19,1,2,46
476,Kevin Herget,NYM,2,2,4.01,34,0,0,1,,34.0,143,33,16,15,5,9,1,1,29
477,Joe Rock,TBR,1,1,4.03,19,2,0,1,,26.1,111,27,13,12,3,7,0,1,22
478,Zack Kelly,BOS,1,1,4.07,26,0,0,1,,26.0,112,24,13,12,3,12,1,1,27
479,Sam Aldegheri,LAA,1,1,4.86,3,3,0,0,,18.0,80,18,10,10,3,8,0,1,16
480,Carlos Carrasco,NYY,1,1,4.27,17,2,0,1,,23.2,101,24,12,11,4,7,0,1,21
481,Phil Maton,,3,3,4.23,56,0,0,0,,56.0,242,54,28,26,7,21,1,4,51
482,Jake Bloss,TOR,2,3,4.75,19,5,0,1,,41.0,179,42,23,22,6,15,0,2,34
483,Jacob Latz,TEX,2,2,4.11,46,0,0,1,,46.0,200,41,23,21,6,21,1,2,48
484,Chad Green,TOR,3,3,4.10,63,0,5,12,,63.0,266,59,31,29,9,19,2,2,61
485,Lucas Gilbreath,COL,2,2,4.61,46,0,0,1,,46.0,204,46,25,24,6,22,1,3,43
486,Richard Fitts,BOS,3,3,4.50,39,3,0,1,,54.1,232,57,29,27,8,15,1,2,42
487,Eduard Bazardo,SEA,2,2,3.69,50,0,0,1,,50.0,210,45,22,21,6,17,1,2,49
488,Kyle Hart,SDP,6,7,4.64,39,15,0,1,,107.0,465,111,59,55,17,37,1,5,77
489,Austin Adams,BOS,1,1,4.33,24,0,0,1,,24.0,105,21,12,12,3,11,1,2,26
490,Cristian Javier,HOU,1,1,4.01,17,0,0,1,,17.0,71,15,8,8,3,6,0,1,19
491,Tim Mayza,PIT,3,3,4.10,55,0,0,4,,55.0,239,58,27,25,6,20,2,2,43
492,Brooks Raley,,1,1,3.96,26,0,0,0,,26.0,112,24,12,11,3,10,1,1,25
493,Carson Seymour,SFG,1,1,3.63,24,0,0,1,,24.0,101,23,11,10,2,7,1,1,21
494,Fraser Ellard,CHW,3,3,4.13,62,0,6,10,,62.0,271,58,31,28,8,30,2,3,59
495,Carmen Mlodzinski,PIT,3,3,4.22,61,0,1,12,,61.0,264,60,31,29,7,24,2,3,55
496,Ryan Borucki,PIT,1,1,3.90,28,0,0,1,,28.0,120,27,13,12,3,11,1,2,26
497,Luis García,LAD,1,1,3.91,17,0,0,1,,17.0,72,17,8,7,2,5,0,1,15
498,Tommy Nance,TOR,3,3,4.09,54,0,0,7,,54.0,232,53,27,25,6,19,2,3,48
499,Kyle Nelson,ARI,2,2,4.13,35,0,0,1,,35.0,151,34,17,16,4,13,1,2,32
500,Brandon Young,BAL,1,1,3.84,22,0,0,1,,22.0,92,21,10,9,3,6,1,1,22
501,Shawn Dubin,HOU,2,2,3.93,33,0,0,1,,33.0,141,30,16,14,4,14,1,1,34
502,Bryan Hoeing,SDP,3,3,4.02,56,0,0,9,,56.0,238,56,27,25,7,17,2,2,46
503,Cristian Mena,ARI,1,1,4.19,14,2,0,1,,21.0,91,21,11,10,2,8,0,1,19
504,Franco Aleman,CLE,2,2,3.92,31,0,0,1,,31.0,133,29,15,14,4,11,1,2,31
505,Hunter Gaddis,CLE,3,3,4.14,65,0,0,17,,65.0,276,62,32,30,10,19,1,3,61
506,Erik Swanson,TOR,3,3,4.09,60,0,0,13,,60.0,256,57,29,27,8,21,1,2,58
507,Héctor Neris,ATL,3,3,4.06,56,0,0,10,,56.0,240,51,27,25,7,23,1,3,60
508,Erik Sabrowski,CLE,2,2,3.83,50,0,0,4,,50.0,215,43,23,21,6,25,1,2,57
509,Colton Gordon,HOU,1,1,4.14,17,2,0,1,,24.1,103,23,12,11,4,7,0,1,21
510,Trent Thornton,SEA,3,3,3.84,67,0,0,14,,67.0,283,61,31,29,9,22,1,3,66
511,Nic Enright,CLE,2,2,3.97,41,0,0,1,,41.0,173,38,19,18,6,13,1,2,42
512,Carson Ragsdale,SFG,1,1,3.73,28,0,0,1,,28.0,118,25,13,12,3,10,1,1,29
513,Josh Simpson,MIA,2,2,3.92,33,0,0,1,,33.0,143,30,16,14,4,16,1,2,34
514,Richard Lovelady,TOR,2,2,3.86,32,0,0,1,,32.0,136,31,15,14,4,11,1,2,29
515,Kendall Graveman,ARI,3,3,4.10,53,0,0,7,,53.0,231,51,26,24,6,23,1,3,51
516,Justin Lawrence,PIT,3,3,4.12,66,0,0,8,,66.0,287,63,33,30,7,31,2,4,61
517,Mason Black,SFG,3,3,4.14,37,3,0,1,,51.2,222,50,26,24,7,17,1,3,47
518,J.P. France,HOU,2,2,4.39,23,2,0,1,,30.1,129,30,16,15,4,10,0,1,27
519,Sean Reid-Foley,NYM,1,1,3.78,22,0,0,1,,22.0,95,19,10,9,2,11,1,1,24
520,Grant Anderson,MIL,2,2,4.14,34,0,0,1,,34.0,145,32,17,16,5,13,1,2,33
521,José Cisnero,,1,1,4.01,24,0,0,0,,24.0,104,22,12,11,3,10,1,1,24
522,Jacob Misiorowski,MIL,2,2,3.97,36,0,0,1,,36.0,156,31,17,16,4,18,1,3,40
523,Chase Petty,CIN,2,2,4.77,18,3,0,1,,33.1,146,35,19,18,5,12,0,1,26
524,Ian Seymour,TBR,2,2,4.27,18,3,0,1,,33.1,143,32,17,16,5,11,0,2,30
525,Cody Poteet,CHC,2,1,3.85,30,0,0,1,,30.0,126,28,14,13,4,10,1,1,28
526,Davis Daniel,ATL,1,1,4.00,15,0,0,1,,15.0,63,15,7,7,2,4,0,1,14
527,Josh Walker,TOR,2,2,3.87,39,0,0,1,,39.0,167,35,18,17,5,17,1,2,40
528,Jordan Leasure,CHW,3,3,4.40,62,0,0,10,,62.0,270,58,32,30,9,29,1,3,61
529,Drue Hackenberg,ATL,1,1,4.47,2,2,0,0,,9.1,41,9,5,5,1,4,0,1,8
530,Carlos Rodriguez,MIL,2,2,4.56,15,3,0,1,,30.0,130,29,16,15,5,11,0,2,27
531,Jimmy Herget,COL,2,3,4.88,50,0,0,4,,50.0,217,54,29,27,8,15,2,2,42
532,Eli Morgan,CHC,2,2,4.24,50,0,0,1,,50.0,212,48,25,24,8,15,1,2,47
533,Brent Headrick,NYY,2,2,3.92,34,0,0,1,,34.0,143,31,16,15,5,10,1,2,34
534,Hunter Stratton,PIT,1,1,4.16,15,0,0,1,,15.0,65,14,7,7,2,6,0,1,14
535,Jonathan Pintaro,NYM,1,1,4.42,2,2,0,0,,9.1,40,9,5,5,1,3,0,0,7
536,Gerson Garabito,TEX,1,1,4.10,18,0,0,1,,18.0,77,17,9,8,2,6,0,1,17
537,Carson Palmquist,COL,1,1,5.28,3,3,0,0,,18.1,82,19,11,11,3,8,0,1,16
538,Brandyn Garcia,SEA,1,1,3.53,21,0,0,1,,21.0,89,19,9,8,2,8,1,1,20
539,Nick Robertson,TOR,2,2,4.00,42,0,0,1,,42.0,180,40,20,19,5,16,1,2,40
540,Nick Sandlin,TOR,3,3,4.09,59,0,0,12,,59.0,254,53,29,27,8,26,2,3,62
541,Edgardo Henriquez,LAD,2,2,4.30,33,0,0,1,,33.0,143,30,17,16,5,16,1,2,34
542,JT Chargois,TEX,1,1,4.21,24,0,0,1,,24.0,104,23,12,11,3,9,1,1,23
543,Daniel Robert,TEX,2,2,4.32,33,0,0,1,,33.0,143,31,17,16,5,13,1,2,32
544,Hagen Danner,SEA,1,1,3.80,28,0,0,1,,28.0,118,25,13,12,4,10,1,1,29
545,James Karinchak,CHW,2,2,4.29,37,0,0,1,,37.0,161,31,19,18,5,19,1,2,43
546,Logan Henderson,MIL,1,0,3.83,10,0,0,1,,10.0,42,9,5,4,1,3,0,0,11
547,Travis Adams,MIN,1,1,4.46,17,2,0,1,,24.1,105,26,13,12,3,7,0,1,18
548,Tyler Alexander,MIL,3,3,4.42,52,2,0,4,,59.0,250,60,31,29,10,13,1,2,50
549,Thomas Harrington,PIT,0,1,4.78,2,2,0,0,,9.1,40,10,5,5,2,3,0,0,7
550,Keynan Middleton,,1,1,4.03,18,0,0,0,,18.0,77,16,9,8,2,8,0,1,18
551,Chad Patrick,MIL,1,1,4.03,24,0,0,1,,24.0,101,23,12,11,4,6,1,1,22
552,Jhonathan Díaz,SEA,1,1,4.21,2,2,0,0,,9.0,40,9,5,4,1,4,0,1,7
553,Mason Barnett,ATH,1,1,4.45,2,2,0,0,,9.1,40,9,5,5,1,4,0,0,8
554,Connor Phillips,CIN,1,1,4.31,21,0,0,1,,21.0,91,19,11,10,3,9,1,1,23
555,Tommy Henry,ARI,1,1,3.94,24,0,0,1,,24.0,102,23,11,11,3,8,1,1,22
556,Garrett McDaniels,LAA,3,3,4.14,52,0,0,4,,52.0,227,52,26,24,6,22,1,2,44
557,Mason Thompson,WSN,2,2,4.15,42,0,0,1,,42.0,180,41,21,19,5,16,1,2,35
558,Adam Macko,TOR,1,1,4.55,2,2,0,0,,9.1,41,9,5,5,1,4,0,1,8
559,Carlos Vargas,SEA,3,3,3.77,56,0,0,7,,56.0,240,53,26,23,6,22,1,3,49
560,Tekoah Roby,STL,0,1,4.65,2,2,0,0,,9.1,40,10,5,5,1,3,0,0,7
561,Nick Frasso,LAD,1,1,4.05,15,0,0,1,,15.0,64,14,7,7,2,5,0,1,14
562,Joely Rodríguez,BOS,1,1,3.94,30,0,0,0,,30.0,129,30,14,13,3,12,1,1,25
563,Tyler Wells,BAL,0,0,3.97,8,0,0,1,,8.0,33,8,4,4,1,2,0,0,8
564,Kyle Amendt,ARI,1,1,4.03,21,0,0,1,,21.0,91,19,10,9,2,10,1,1,22
565,Jacob Webb,TEX,3,3,4.36,62,0,2,14,,62.0,269,58,32,30,9,27,2,3,60
566,Evan Reifert,WSN,2,3,4.12,52,0,0,6,,52.0,226,47,26,24,6,25,1,3,52
567,Kyle Nicolas,PIT,2,2,4.12,44,0,0,1,,44.0,191,40,22,20,5,20,1,2,45
568,Andrew Morris,MIN,0,0,3.95,8,0,0,1,,8.0,34,8,4,4,1,2,0,0,7
569,Dillon Tate,,2,2,4.24,33,0,0,0,,33.0,143,34,17,16,4,11,1,2,25
570,Colten Brewer,NYY,1,1,4.23,22,0,0,1,,22.0,95,21,11,10,3,8,1,1,20
571,Drew Pomeranz,SEA,1,1,3.65,14,0,0,1,,14.0,59,12,6,6,2,5,0,1,14
572,Sem Robberse,STL,1,1,3.97,21,0,0,1,,21.0,89,21,10,9,3,6,1,1,18
573,Josiah Gray,WSN,1,1,4.62,10,2,0,1,,17.0,73,16,9,9,3,6,1,1,16
574,Dietrich Enns,DET,1,1,3.84,15,0,0,1,,15.0,64,14,7,6,2,5,0,1,15
575,Randy Dobnak,MIN,0,0,3.95,10,0,0,1,,10.0,43,10,5,4,1,3,0,0,8
576,Steven Okert,HOU,1,1,4.22,26,0,0,1,,26.0,112,23,13,12,4,11,1,1,27
577,Andrew Misiaszek,CLE,1,1,3.90,26,0,0,1,,26.0,112,24,12,11,3,11,1,1,26
578,Chris Flexen,CHC,1,1,4.15,16,0,0,1,,16.0,68,16,8,7,2,5,1,0,14
579,Logan Evans,SEA,1,1,4.22,10,2,0,1,,17.1,74,17,9,8,2,6,0,1,14
580,Alex Speas,MIN,1,1,4.22,16,0,0,1,,16.0,71,14,8,8,2,10,0,1,18
581,Zach Pop,TOR,2,2,4.11,44,0,0,1,,44.0,191,45,22,20,5,16,1,2,36
582,Luis González,BAL,2,2,4.00,36,0,0,1,,36.0,153,34,17,16,5,11,1,2,34
583,Angel Bastardo,TOR,1,1,4.01,17,0,0,1,,17.0,73,16,8,8,2,7,0,1,16
584,John McMillon,PHI,1,1,4.05,21,0,0,1,,21.0,91,18,10,9,3,11,1,1,23
585,Hunter Bigge,TBR,3,3,4.24,55,0,0,8,,55.0,238,50,28,26,7,26,1,2,57
586,John Rooney,MIA,1,1,4.04,28,0,0,1,,28.0,122,28,14,13,3,11,1,2,24