#,Name,Team,G,AB,PA,H,1B,2B,3B,HR,R,RBI,BB,IBB,SO,HBP,SF,SH,SB,CS,AVG
1,Bobby Witt Jr.,KCR,150,617,679,182,108,36,8,31,108,96,50,5,106,6,5,2,36,11,0.296
2,Aaron Judge,NYY,150,548,673,151,78,24,1,47,115,111,112,15,174,7,5,1,8,2,0.275
3,Gunnar Henderson,BAL,150,597,684,164,94,30,5,34,108,91,75,1,146,6,4,3,18,5,0.274
4,Juan Soto,NYM,150,538,676,152,87,28,2,35,114,96,128,5,112,4,5,2,9,3,0.282
5,Mookie Betts,LAD,150,592,685,164,98,34,3,29,109,89,80,3,95,6,4,2,15,4,0.278
6,Julio Rodríguez,SEA,150,613,677,169,108,29,2,30,94,88,48,3,155,9,5,2,28,7,0.275
7,Yordan Alvarez,HOU,141,534,624,161,91,32,2,36,98,105,75,12,106,10,4,1,4,1,0.302
8,Fernando Tatis Jr.,SDP,150,607,679,168,95,34,2,38,106,101,58,0,142,7,4,2,19,5,0.277
9,José Ramírez,CLE,150,599,672,167,97,37,2,31,99,95,63,15,82,4,5,1,31,7,0.279
10,Shohei Ohtani,LAD,150,592,689,166,88,30,5,43,123,104,85,12,159,6,4,3,34,9,0.280
11,Francisco Lindor,NYM,150,608,688,156,96,31,2,28,100,81,63,1,131,10,4,3,24,5,0.257
12,William Contreras,MIL,147,573,653,157,99,32,2,25,86,86,70,3,136,5,5,1,7,2,0.273
13,Ronald Acuña Jr.,ATL,128,510,590,149,93,27,2,26,102,73,66,2,103,8,3,3,44,10,0.292
14,Cal Raleigh,SEA,137,527,595,118,64,23,1,30,72,82,59,2,164,4,4,1,4,1,0.223
15,Kyle Tucker,CHC,150,579,669,160,94,33,2,31,101,95,81,6,104,3,5,2,21,4,0.277
16,Corey Seager,TEX,126,503,572,142,85,28,1,29,87,80,58,10,97,5,4,2,3,1,0.283
17,Vladimir Guerrero Jr.,TOR,150,589,671,175,106,34,1,34,101,101,70,9,96,7,5,1,5,2,0.297
18,Ketel Marte,ARI,147,586,669,163,98,33,4,27,100,86,70,5,121,6,4,2,8,2,0.278
19,Elly De La Cruz,CIN,150,591,664,150,86,31,7,26,93,87,62,2,192,5,5,1,53,15,0.253
20,Jackson Merrill,SDP,150,594,641,165,104,31,5,25,80,90,38,1,106,4,5,1,14,4,0.278
21,Corbin Carroll,ARI,150,593,682,156,92,27,11,26,106,81,72,1,126,10,4,3,41,9,0.263
22,Michael Harris II,ATL,146,562,609,161,104,30,4,24,82,86,35,2,112,6,4,1,19,5,0.287
23,Adley Rutschman,BAL,138,539,620,141,92,27,1,20,84,70,71,3,97,4,4,2,2,1,0.261
24,Bryce Harper,PHI,150,572,671,160,92,37,1,31,100,95,88,10,144,5,5,1,11,3,0.279
25,Patrick Bailey,SFG,119,420,466,100,67,20,1,11,49,47,38,0,110,3,3,1,4,1,0.238
26,Marcus Semien,TEX,150,623,695,159,101,30,3,25,96,73,60,1,106,5,4,3,12,3,0.255
27,Austin Riley,ATL,150,601,671,160,95,31,2,32,95,95,55,1,163,9,5,1,2,1,0.267
28,Riley Greene,DET,147,583,664,156,98,30,5,23,89,79,69,3,159,5,4,2,7,2,0.268
29,Trea Turner,PHI,150,631,686,175,115,35,2,23,96,78,42,1,132,6,4,3,24,4,0.277
30,Bo Bichette,TOR,144,608,658,170,114,33,2,21,87,74,39,1,125,5,4,2,11,3,0.279
31,Freddie Freeman,LAD,150,578,666,166,104,35,2,24,94,92,73,9,111,9,5,1,11,3,0.287
32,Steven Kwan,CLE,150,612,695,174,126,30,4,14,94,62,71,1,71,6,4,3,19,4,0.284
33,Junior Caminero,TBR,141,571,621,151,96,26,2,28,77,90,41,2,134,5,4,0,5,2,0.266
34,Manny Machado,SDP,150,589,648,157,97,29,1,30,83,97,52,5,128,3,4,0,7,2,0.266
35,Rafael Devers,BOS,150,588,669,158,90,33,3,32,97,96,68,13,145,7,4,2,4,1,0.269
36,Matt McLain,CIN,138,546,622,142,84,30,3,25,89,78,61,1,155,9,4,2,18,6,0.260
37,Masyn Winn,STL,150,616,676,162,108,31,4,18,87,67,49,1,113,4,4,3,16,4,0.262
38,Isaac Paredes,HOU,141,531,621,130,79,26,1,24,83,77,71,1,103,13,4,1,2,1,0.245
39,Carlos Correa,MIN,130,510,582,136,87,28,2,19,77,68,62,4,114,5,4,2,1,0,0.267
40,Alejandro Kirk,TOR,103,370,419,100,70,19,1,11,47,46,41,1,52,4,3,1,1,0,0.271
41,Matt Chapman,SFG,150,562,642,135,77,32,2,24,77,83,67,2,165,8,4,1,9,3,0.240
42,Anthony Volpe,NYY,150,561,624,136,87,28,4,17,73,67,51,1,132,6,4,2,26,6,0.243
43,Dansby Swanson,CHC,150,565,631,138,91,26,2,19,72,73,56,1,154,4,5,1,14,4,0.245
44,Jung Hoo Lee,SFG,143,575,632,168,116,35,3,14,75,74,47,4,62,5,4,1,10,3,0.293
45,Willy Adames,SFG,150,586,664,140,81,33,1,25,83,80,68,3,160,4,4,1,14,4,0.239
46,Austin Wells,NYY,112,439,498,102,60,21,1,19,65,55,49,0,111,5,3,2,5,1,0.232
47,Alex Bregman,BOS,150,584,664,156,97,32,3,23,86,87,68,1,84,7,5,1,4,1,0.267
48,Gabriel Moreno,ARI,119,414,469,116,81,23,1,10,56,53,45,0,76,4,3,2,5,2,0.281
49,Yandy Díaz,TBR,150,610,694,177,123,33,1,20,97,70,70,0,104,7,4,3,3,1,0.290
50,Mike Trout,LAA,120,477,551,120,67,20,3,30,83,71,61,4,148,7,3,2,10,2,0.251
51,Xander Bogaerts,SDP,149,563,624,151,106,27,1,17,71,70,50,0,110,6,4,1,13,3,0.269
52,Lawrence Butler,ATH,149,609,672,156,95,30,2,29,93,78,53,1,153,3,4,3,21,4,0.256
53,Oneil Cruz,PIT,146,571,639,146,86,30,3,26,81,87,58,4,185,5,5,1,19,5,0.256
54,Andrés Giménez,TOR,147,555,608,146,101,29,2,13,68,65,32,2,102,15,4,1,26,6,0.263
55,Jazz Chisholm Jr.,NYY,141,542,603,134,82,22,2,28,80,81,50,3,151,5,4,1,33,10,0.247
56,Francisco Alvarez,NYM,115,406,458,96,57,17,1,21,56,61,42,0,107,5,3,1,3,1,0.236
57,Mark Vientos,NYM,150,567,628,141,82,26,1,32,80,92,50,1,177,6,5,1,1,0,0.248
58,Zach Neto,LAA,130,477,532,120,72,26,1,21,69,65,37,1,115,13,4,2,22,6,0.252
59,Jacob Wilson,ATH,128,443,484,127,89,28,3,8,56,51,30,0,52,5,3,2,6,1,0.287
60,Jordan Westburg,BAL,133,512,563,135,82,29,4,20,69,76,40,0,125,7,4,1,8,3,0.264
61,Wyatt Langford,TEX,143,549,620,146,92,29,4,21,78,79,61,2,122,6,4,1,18,5,0.266
62,JJ Bleday,ATH,150,570,659,132,75,31,2,24,80,79,79,1,142,5,5,1,6,2,0.231
63,Xavier Edwards,MIA,136,552,621,156,119,26,5,6,78,47,60,1,88,4,4,3,34,7,0.283
64,Royce Lewis,MIN,133,505,563,127,75,25,1,27,71,80,49,2,132,5,4,1,6,2,0.252
65,Brandon Lowe,TBR,123,488,553,117,67,21,2,27,75,73,52,2,140,7,4,2,6,2,0.239
66,Jose Altuve,HOU,150,623,695,167,111,32,1,22,97,72,57,1,120,8,4,3,19,5,0.268
67,Jarren Duran,BOS,150,622,688,164,97,39,8,19,98,71,53,1,158,6,4,3,31,6,0.263
68,CJ Abrams,WSN,139,574,633,146,92,29,5,21,86,66,39,3,119,13,4,3,37,9,0.255
69,Jeremy Peña,HOU,150,574,621,152,103,29,2,17,69,72,32,1,116,9,4,1,16,5,0.264
70,Jackson Chourio,MIL,149,608,668,163,101,31,3,28,94,81,48,3,136,5,4,3,26,7,0.268
71,Ozzie Albies,ATL,150,580,636,154,96,33,2,22,80,80,43,1,101,7,4,1,12,3,0.266
72,Nico Hoerner,CHC,130,499,551,138,102,27,2,8,63,52,38,1,62,9,3,1,26,6,0.277
73,Will Smith,LAD,118,432,495,108,66,21,2,19,62,64,50,3,87,8,3,1,2,1,0.250
74,Christian Walker,HOU,149,565,642,137,77,28,1,31,83,95,64,4,148,8,4,0,5,2,0.243
75,Brent Rooker,ATH,149,585,665,145,81,26,2,37,93,94,65,3,199,9,4,1,8,3,0.247
76,Gleyber Torres,DET,150,599,674,154,105,30,1,18,82,67,64,0,120,4,4,2,9,3,0.258
77,Yainer Diaz,HOU,135,530,564,148,98,28,2,21,67,78,25,1,100,5,4,1,2,1,0.280
78,Matt Olson,ATL,150,568,657,143,80,28,1,33,91,99,78,5,159,6,4,1,1,0,0.251
79,Lars Nootbaar,STL,125,470,552,120,75,23,2,19,75,63,73,2,112,3,4,2,10,3,0.254
80,Cody Bellinger,NYY,141,559,617,143,90,26,2,25,76,84,49,5,112,4,4,0,12,3,0.255
81,Nolan Arenado,STL,150,590,645,152,99,29,1,22,74,85,45,3,100,6,4,0,3,1,0.257
82,Luis Robert Jr.,CHW,150,620,674,151,91,31,1,29,84,84,40,3,193,8,5,2,27,7,0.244
83,James Wood,WSN,139,536,614,140,86,29,3,21,77,77,69,2,162,4,4,1,19,6,0.261
84,J.P. Crawford,SEA,141,509,591,122,84,25,2,11,63,53,69,0,117,7,4,2,5,1,0.239
85,Ezequiel Tovar,COL,150,622,662,161,98,36,3,23,78,82,29,1,170,5,5,1,11,4,0.259
86,Vinnie Pasquantino,KCR,146,572,644,154,93,34,2,26,83,90,62,2,89,6,5,0,2,1,0.270
87,Cedric Mullins,BAL,130,500,555,122,79,23,3,18,67,66,45,1,113,5,4,1,28,7,0.244
88,Bryson Stott,PHI,139,502,560,130,90,24,3,13,66,61,48,1,94,4,4,2,25,6,0.258
89,Shea Langeliers,ATH,119,455,504,105,58,19,2,26,61,72,40,2,136,5,3,1,4,1,0.230
90,Ian Happ,CHC,150,584,678,143,86,32,2,23,90,74,81,1,163,7,4,2,13,3,0.245
91,Brandon Nimmo,NYM,134,514,595,129,84,25,3,18,77,69,67,1,130,10,4,1,7,2,0.252
92,Alec Bohm,PHI,143,565,618,156,104,34,1,17,72,78,42,1,95,6,4,1,5,2,0.276
93,Brayan Rocchio,CLE,134,452,512,110,74,25,1,10,57,51,48,1,92,6,4,2,13,4,0.245
94,Bo Naylor,CLE,102,354,404,78,46,15,1,15,45,47,42,1,106,4,3,1,7,2,0.220
95,Luis García Jr.,WSN,125,482,518,134,89,26,2,16,59,63,29,2,79,2,3,1,15,5,0.277
96,Anthony Santander,TOR,150,590,659,144,79,30,1,34,85,98,56,2,136,8,5,1,3,1,0.244
97,Jake Rogers,DET,90,323,357,69,41,14,1,13,37,40,27,1,104,4,3,1,2,1,0.215
98,Willson Contreras,STL,139,525,611,129,77,26,1,25,78,80,65,2,148,16,4,1,6,2,0.247
99,Kyle Schwarber,PHI,150,558,668,127,67,20,1,39,97,94,99,4,192,6,4,2,5,2,0.227
100,Brendan Donovan,STL,138,518,587,144,102,26,2,13,69,64,52,1,79,11,4,1,7,2,0.278
101,Colton Cowser,BAL,130,471,541,113,71,21,2,20,66,66,58,2,157,8,4,1,9,3,0.241
102,Luis Rengifo,LAA,134,544,595,143,99,24,3,18,75,66,39,0,98,7,4,2,23,7,0.263
103,Pete Alonso,NYM,150,571,657,136,75,24,1,36,89,100,68,6,153,12,5,0,4,1,0.238
104,Zack Gelof,ATH,146,545,603,123,75,25,2,21,67,67,48,1,186,5,4,1,23,6,0.226
105,Geraldo Perdomo,ARI,131,443,508,112,80,22,3,7,59,47,55,1,81,5,4,2,15,4,0.252
106,Taylor Ward,LAA,149,584,661,146,93,28,2,23,80,80,64,0,155,8,5,1,7,2,0.250
107,Luis Arraez,SDP,149,633,687,194,149,33,2,10,88,61,41,5,42,6,4,3,8,2,0.306
108,Iván Herrera,STL,94,308,360,79,54,15,1,9,43,38,43,0,75,4,3,1,6,1,0.257
109,Colt Keith,DET,126,481,534,126,83,23,4,17,61,64,44,2,105,4,4,1,5,2,0.262
110,Bryan Reynolds,PIT,149,600,675,157,100,29,3,24,90,80,59,3,150,9,5,2,9,3,0.262
111,Ha-Seong Kim,TBR,100,361,414,90,61,17,1,10,50,42,46,2,74,3,3,1,18,4,0.248
112,Christian Yelich,MIL,133,516,600,137,91,25,3,18,83,66,74,5,130,5,4,2,23,5,0.266
113,Max Muncy,LAD,126,444,531,95,52,18,1,24,68,69,76,3,144,6,4,1,3,1,0.214
114,Parker Meadows,DET,122,455,510,107,68,20,6,14,60,52,47,1,118,4,3,2,19,5,0.236
115,Brenton Doyle,COL,150,604,660,148,94,26,4,23,83,72,44,1,186,5,4,2,29,7,0.245
116,Byron Buxton,MIN,118,466,517,111,59,24,2,25,65,73,38,2,148,8,4,1,8,2,0.237
117,Pete Crow-Armstrong,CHC,130,470,513,114,73,21,5,15,57,59,32,2,127,7,4,1,26,7,0.244
118,Randy Arozarena,SEA,150,565,652,135,83,28,1,22,77,78,67,1,167,15,4,1,21,8,0.238
119,TJ Friedl,CIN,131,525,594,131,86,22,4,19,79,63,52,1,103,11,4,2,18,5,0.249
120,Brice Turang,MIL,134,500,557,127,90,24,3,10,62,53,49,1,98,3,4,1,35,7,0.253
121,Sean Murphy,ATL,86,307,352,71,43,15,1,13,42,44,34,1,81,7,2,1,1,0,0.232
122,Teoscar Hernández,LAD,150,586,643,151,92,28,2,30,82,96,46,2,182,6,4,1,8,3,0.257
123,Eugenio Suárez,ARI,141,514,581,120,73,23,1,22,67,71,53,0,166,9,4,1,2,1,0.234
124,Matt Wallner,MIN,120,464,537,108,59,24,2,23,72,61,54,1,181,13,3,2,5,1,0.232
125,Jasson Domínguez,NYY,134,476,537,119,78,21,2,19,63,65,53,1,130,3,4,1,19,5,0.250
126,Jonathan India,KCR,139,546,635,139,91,30,2,15,84,58,68,0,121,14,4,3,13,3,0.254
127,Maikel Garcia,KCR,138,517,569,135,96,28,4,8,66,53,43,0,100,2,4,2,29,7,0.262
128,Josh Jung,TEX,136,519,561,129,81,24,3,22,63,70,32,0,154,6,4,1,6,2,0.249
129,Matt Shaw,CHC,120,415,464,104,69,18,2,15,54,55,38,0,100,6,4,2,14,5,0.250
130,Josh Lowe,TBR,125,481,533,121,74,26,2,18,65,68,45,3,155,3,3,1,24,5,0.251
131,Victor Robles,SEA,128,517,577,128,89,28,2,10,70,47,42,0,126,12,4,2,36,8,0.248
132,Joey Ortiz,MIL,146,518,581,130,84,28,4,13,63,63,51,0,117,6,4,2,12,4,0.251
133,Triston Casas,BOS,139,505,593,124,71,25,1,27,77,83,80,5,154,4,4,1,2,1,0.246
134,Lane Thomas,CLE,138,533,594,129,80,28,2,18,71,67,48,1,153,7,4,1,26,8,0.242
135,Christopher Morel,TBR,115,425,479,98,58,17,2,21,58,62,46,1,131,5,3,1,9,3,0.232
136,Daulton Varsho,TOR,138,517,577,116,67,23,4,22,68,71,50,1,143,5,4,1,13,4,0.224
137,Jeff McNeil,NYM,122,437,484,118,83,25,1,9,54,52,32,0,61,9,4,1,5,1,0.271
138,J.T. Realmuto,PHI,118,435,480,107,68,21,2,16,54,58,33,1,117,8,3,1,8,2,0.246
139,Logan O'Hoppe,LAA,108,401,445,95,60,15,1,19,51,56,34,0,116,6,3,1,3,1,0.238
140,Jackson Holliday,BAL,109,352,411,82,54,17,2,10,49,41,52,1,110,3,3,2,8,2,0.234
141,Paul Goldschmidt,NYY,147,572,642,144,90,29,1,25,80,84,61,3,167,4,4,1,8,2,0.253
142,Marcell Ozuna,ATL,150,575,643,149,90,26,1,33,85,98,60,1,159,4,4,1,1,0,0.260
143,Ke'Bryan Hayes,PIT,136,502,550,129,89,26,3,12,59,58,39,1,109,4,4,2,14,4,0.257
144,Josh Naylor,ARI,141,553,615,148,92,32,1,24,78,87,51,7,98,6,4,0,7,2,0.268
145,Jurickson Profar,ATL,147,581,670,151,102,30,1,18,91,68,74,2,110,9,4,2,8,2,0.260
146,Jacob Young,WSN,130,448,494,113,84,23,2,5,53,42,33,0,93,8,4,2,28,6,0.252
147,Brooks Lee,MIN,113,392,432,99,65,22,2,11,49,47,32,2,69,3,3,2,6,1,0.253
148,Connor Norby,MIA,136,552,613,134,85,29,1,18,73,64,50,1,167,5,4,2,10,3,0.243
149,Jake Cronenworth,SDP,139,521,590,126,81,27,4,14,65,65,53,1,113,11,4,1,5,1,0.241
150,Salvador Perez,KCR,143,572,619,148,96,26,1,26,73,87,33,7,136,10,4,0,1,0,0.259
151,Evan Carter,TEX,120,415,480,100,63,21,3,13,55,52,55,1,117,6,3,1,11,3,0.240
152,Ryan McMahon,COL,147,577,655,139,87,29,1,22,79,73,69,3,188,4,4,1,8,3,0.240
153,Otto Lopez,MIA,112,418,457,115,83,24,2,6,45,44,31,0,79,4,3,1,15,4,0.276
154,Jake McCarthy,ARI,120,448,499,120,85,19,6,10,59,55,37,0,89,9,4,1,25,6,0.267
155,Joc Pederson,TEX,105,393,455,99,60,16,1,22,60,65,50,3,109,10,3,0,5,2,0.252
156,George Springer,TOR,141,553,621,135,88,23,2,22,77,74,56,1,119,6,4,1,13,3,0.244
157,Tommy Edman,LAD,141,507,557,127,85,26,2,14,66,62,38,1,99,6,4,2,22,5,0.252
158,Seiya Suzuki,CHC,130,500,569,129,81,24,4,21,72,74,59,3,144,5,4,1,12,5,0.258
159,Nick Gonzales,PIT,117,426,471,111,72,26,4,10,49,51,34,1,105,7,3,1,6,2,0.261
160,Jake Burger,TEX,143,529,580,130,76,24,2,28,72,81,36,1,155,9,4,2,2,1,0.245
161,Nathaniel Lowe,WSN,144,540,620,139,95,25,2,18,71,73,71,1,137,5,4,1,2,1,0.258
162,Willi Castro,MIN,139,509,568,124,83,25,4,12,61,57,41,0,133,13,4,2,18,6,0.244
163,Brandon Marsh,PHI,125,425,483,104,67,20,3,14,58,53,49,0,149,4,3,2,15,3,0.244
164,Jorge Polanco,SEA,126,448,510,99,64,17,0,17,55,55,53,2,139,4,4,2,5,2,0.221
165,Tyler Fitzgerald,SFG,136,501,549,114,70,24,3,18,59,62,36,0,166,7,4,2,18,5,0.229
166,Jesús Sánchez,MIA,125,484,539,124,76,24,2,21,64,71,46,2,138,5,4,1,10,3,0.255
167,Tyler Stephenson,CIN,115,434,488,109,72,21,1,15,56,59,44,1,115,6,3,1,1,0,0.252
168,Ryan Jeffers,MIN,95,346,390,81,47,17,1,16,45,48,33,0,89,8,3,1,3,1,0.234
169,Michael Massey,KCR,120,465,503,119,75,25,3,16,57,62,28,1,97,6,4,1,4,1,0.255
170,Adolis García,TEX,143,548,605,131,76,26,1,28,74,84,45,1,167,7,4,1,11,3,0.238
171,Spencer Horwitz,PIT,102,376,441,100,66,23,1,10,54,48,56,2,84,6,3,1,3,1,0.267
172,LaMonte Wade Jr.,SFG,113,435,516,107,71,20,1,15,68,50,70,5,110,6,3,2,4,1,0.247
173,Garrett Mitchell,MIL,110,417,471,98,62,18,3,15,55,57,46,0,140,5,3,0,19,6,0.235
174,Heliot Ramos,SFG,139,536,592,132,82,25,4,22,69,73,45,1,156,5,4,1,7,2,0.247
175,Tyler O'Neill,BAL,110,404,459,94,56,17,1,21,55,59,46,3,140,5,3,1,6,1,0.232
176,Orlando Arcia,ATL,138,486,537,115,76,22,1,16,59,61,41,1,110,4,4,2,2,1,0.237
177,Danny Jansen,TBR,84,309,352,71,41,14,0,14,41,44,34,0,71,5,3,1,1,0,0.228
178,Jose Trevino,CIN,62,221,240,54,36,10,0,7,26,27,14,0,42,2,2,1,2,1,0.244
179,Nolan Schanuel,LAA,128,459,535,118,83,20,1,15,63,56,64,1,89,7,4,2,7,2,0.258
180,Jake Meyers,HOU,100,350,389,83,55,16,2,11,44,42,29,0,95,5,3,1,8,2,0.238
181,Will Wagner,TOR,92,331,377,90,63,19,1,7,42,39,38,0,67,4,3,1,3,1,0.272
182,Wilyer Abreu,BOS,110,396,452,96,57,23,1,15,54,54,49,0,121,3,3,1,8,3,0.243
183,Jorge Soler,LAA,133,507,580,119,66,24,1,28,75,78,63,1,150,6,4,1,1,0,0.235
184,Kyle Isbel,KCR,126,435,479,106,69,21,6,10,54,50,34,0,101,5,3,2,14,3,0.243
185,Carson Kelly,CHC,71,245,276,57,38,10,1,8,30,30,24,0,57,3,2,1,2,0,0.234
186,Matt Vierling,DET,110,437,484,110,74,21,3,11,55,49,38,0,103,4,3,1,7,2,0.252
187,Jonah Heim,TEX,78,278,305,65,43,12,1,10,33,34,21,0,57,2,2,1,2,0,0.235
188,Freddy Fermin,KCR,65,239,265,61,42,12,1,7,28,29,21,1,52,2,2,1,1,0,0.254
189,Keibert Ruiz,WSN,113,425,460,109,72,22,1,14,49,55,25,0,52,5,3,1,4,1,0.257
190,Miguel Vargas,CHW,115,398,462,90,55,20,1,14,50,48,55,0,100,5,3,1,9,3,0.226
191,Kerry Carpenter,DET,115,450,496,115,68,20,4,23,61,71,36,2,124,6,3,0,3,1,0.255
192,Chase Meidroth,CHW,73,248,296,60,44,11,1,4,31,25,41,0,53,4,2,1,4,1,0.243
193,Carlos Santana,CLE,136,509,580,120,76,23,1,21,66,72,62,2,105,4,4,1,3,1,0.236
194,Thairo Estrada,COL,120,469,506,124,85,22,2,15,57,59,24,1,96,9,4,1,12,4,0.265
195,Michael Busch,CHC,128,481,548,114,68,25,2,19,65,68,57,1,151,5,4,1,3,1,0.236
196,Alec Burleson,STL,110,424,462,116,78,20,1,17,55,58,30,0,64,4,3,1,7,2,0.273
197,Ryan Mountcastle,BAL,123,457,500,118,76,22,1,19,59,65,35,0,119,3,4,1,3,1,0.259
198,Jordan Walker,STL,131,476,524,121,77,26,2,16,58,62,38,0,117,6,4,1,7,2,0.254
199,Trevor Larnach,MIN,109,412,470,100,62,20,1,17,56,58,51,1,126,3,3,1,4,1,0.242
200,Dylan Crews,WSN,134,552,608,136,88,27,4,17,75,64,41,0,134,8,4,2,24,7,0.246
201,Leody Taveras,TEX,78,272,299,68,45,13,2,8,35,33,23,0,64,1,2,1,11,3,0.249
202,Dylan Moore,SEA,94,311,363,63,38,15,2,9,41,35,40,1,105,9,3,1,21,5,0.204
203,Jace Jung,DET,84,298,345,67,42,15,1,9,36,34,41,0,89,3,2,1,2,1,0.226
204,Kyle Higashioka,TEX,76,268,290,59,34,11,1,13,33,37,17,0,77,2,2,1,2,1,0.220
205,Luke Raley,SEA,112,415,466,95,57,17,1,19,54,58,32,0,143,14,3,1,10,3,0.229
206,Jonny DeLuca,TBR,109,385,428,90,57,18,3,13,48,49,32,1,88,6,3,1,14,4,0.234
207,Michael Conforto,LAD,115,418,472,102,63,19,1,19,57,61,44,1,114,6,3,1,2,1,0.244
208,Spencer Steer,CIN,117,439,503,107,63,24,2,18,63,63,53,1,105,7,3,1,13,4,0.243
209,Nolan Gorman,STL,113,404,453,90,52,16,0,22,54,60,41,1,143,3,3,1,6,2,0.224
210,Hyeseong Kim,LAD,91,315,341,88,69,13,2,4,39,34,20,1,55,2,2,1,13,3,0.279
211,Tyler Soderstrom,ATH,121,458,506,107,62,20,1,24,59,68,38,2,130,5,4,1,2,1,0.233
212,Kyle Manzardo,CLE,99,378,432,91,51,21,1,18,53,57,47,1,96,4,3,0,2,1,0.240
213,Alek Thomas,ARI,71,261,285,67,43,14,2,8,34,35,19,0,52,2,2,1,6,2,0.258
214,Christian Vázquez,MIN,71,255,275,61,43,11,0,6,27,27,15,0,59,2,2,1,3,1,0.238
215,Josh Smith,TEX,87,325,372,79,53,17,1,9,43,38,34,0,77,9,3,1,6,2,0.244
216,Andrew Vaughn,CHW,144,573,630,146,91,30,1,23,71,80,44,0,128,8,4,1,2,1,0.254
217,Travis d'Arnaud,LAA,60,223,245,53,32,11,0,10,28,31,16,0,61,4,2,1,1,0,0.236
218,Lourdes Gurriel Jr.,ARI,130,514,557,140,93,28,2,17,66,74,32,1,101,6,4,1,5,2,0.272
219,Mike Tauchman,CHW,92,354,415,86,60,16,1,10,50,36,52,0,89,5,3,2,7,2,0.242
220,Jonathan Aranda,TBR,89,312,358,79,51,15,1,13,41,43,37,1,92,5,2,1,1,0,0.253
221,Victor Caratini,HOU,47,167,187,41,29,7,1,5,21,21,16,0,38,3,1,1,1,0,0.248
222,Ernie Clement,TOR,73,269,288,72,50,14,1,7,32,33,13,0,29,2,2,1,6,2,0.269
223,Ryan O'Hearn,BAL,94,350,385,94,62,17,2,14,45,50,29,2,70,3,3,1,3,1,0.267
224,Oswaldo Cabrera,NYY,91,315,348,77,50,15,1,10,40,39,26,0,73,3,3,1,7,2,0.244
225,Gavin Lux,CIN,113,415,469,106,71,22,2,11,53,52,46,0,98,3,4,1,6,2,0.256
226,Miguel Amaya,CHC,77,260,291,63,42,12,1,8,33,32,23,0,60,5,2,1,2,0,0.243
227,Luis Urías,ATH,78,263,305,59,38,12,1,8,33,31,31,0,69,7,2,1,3,1,0.224
228,Harrison Bader,MIN,87,323,350,79,52,17,1,9,38,38,19,0,73,5,2,1,15,4,0.245
229,Richie Palacios,TBR,78,281,327,68,46,14,1,6,37,31,39,1,60,4,2,1,10,2,0.243
230,Ceddanne Rafaela,BOS,100,360,383,90,58,19,3,11,45,45,15,0,90,5,3,1,15,4,0.250
231,Jose Miranda,MIN,89,344,375,92,60,19,2,11,43,46,22,0,63,5,3,1,3,1,0.268
232,Endy Rodríguez,PIT,82,298,332,74,48,16,2,7,35,35,28,0,64,3,2,1,3,1,0.248
233,Jo Adell,LAA,112,394,437,88,50,17,2,20,52,57,32,1,131,6,3,2,13,5,0.224
234,Edouard Julien,MIN,71,263,311,59,38,12,1,8,37,29,42,1,99,2,2,1,4,1,0.222
235,Trey Sweeney,DET,81,275,307,62,40,13,1,7,33,30,26,1,81,3,2,1,8,2,0.224
236,Ben Rortvedt,TBR,60,207,235,45,31,9,0,6,24,23,23,0,62,3,2,1,1,0,0.219
237,Max Kepler,PHI,115,429,478,105,67,20,1,16,54,57,39,0,96,5,3,1,2,1,0.244
238,Trevor Story,BOS,141,520,578,116,71,28,1,16,61,60,47,4,166,6,4,1,22,6,0.223
239,Jesse Winker,NYM,99,347,413,84,56,15,2,11,50,44,56,1,89,6,3,1,7,2,0.242
240,Nick Fortes,MIA,83,288,314,68,47,13,1,8,32,32,18,0,50,5,2,1,4,1,0.237
241,Josh Rojas,CHW,78,291,328,71,50,13,1,6,34,32,31,1,71,2,2,1,8,2,0.242
242,Jose Siri,NYM,96,336,368,69,40,13,1,15,42,44,24,0,131,4,3,1,13,3,0.206
243,Miguel Andujar,ATH,79,320,347,87,61,16,1,9,40,39,22,1,52,2,2,1,4,1,0.273
244,Sal Frelick,MIL,104,371,414,97,70,19,2,6,44,40,35,0,62,4,3,1,11,3,0.262
245,Chas McCormick,HOU,104,370,415,88,60,14,1,13,46,47,35,0,107,6,3,1,12,4,0.239
246,Kristian Campbell,BOS,52,185,210,49,32,11,1,5,26,23,20,0,48,3,1,1,5,1,0.265
247,Yoán Moncada,LAA,120,454,506,109,72,22,2,13,54,54,44,1,142,4,4,1,3,1,0.239
248,Isiah Kiner-Falefa,PIT,128,465,503,122,93,19,3,7,52,47,26,0,80,7,4,2,14,3,0.263
249,José Caballero,TBR,66,233,264,53,36,11,1,5,29,25,22,0,66,6,2,1,22,6,0.227
250,Brendan Rodgers,HOU,86,316,345,78,52,17,1,8,36,37,22,0,81,3,3,1,1,0,0.246
251,Nolan Jones,COL,120,419,484,105,65,23,2,15,56,55,57,3,141,4,3,1,11,3,0.250
252,Heston Kjerstad,BAL,92,336,376,83,54,15,1,13,44,45,29,2,97,7,3,1,2,1,0.248
253,Gio Urshela,ATH,89,326,351,86,62,15,1,8,36,37,20,1,59,2,3,1,1,0,0.265
254,MJ Melendez,KCR,113,410,463,96,55,21,3,18,54,57,45,1,115,3,3,1,6,2,0.234
255,Colson Montgomery,CHW,107,363,414,74,49,14,1,10,40,39,39,1,120,7,3,2,3,1,0.204
256,Joey Bart,PIT,89,333,371,79,52,15,1,11,39,42,29,0,105,6,3,1,1,0,0.237
257,Dillon Dingler,DET,56,201,221,45,28,10,1,6,23,24,16,0,61,3,2,1,2,1,0.225
258,Luis Campusano,SDP,76,272,298,70,47,13,0,10,34,36,21,0,47,2,2,1,1,0,0.258
259,Jordan Lawlar,ARI,52,189,212,46,31,9,1,5,24,22,18,0,52,3,1,1,6,2,0.243
260,Drake Baldwin,ATL,50,174,198,41,29,8,0,4,21,20,20,0,43,2,1,1,1,0,0.237
261,Mike Yastrzemski,SFG,115,422,475,95,54,19,5,16,53,53,44,1,126,5,3,1,4,1,0.224
262,Jeimer Candelario,CIN,120,435,485,105,61,24,2,18,57,61,38,1,115,7,4,1,5,2,0.241
263,Ramón Urías,BAL,53,190,211,49,33,9,1,5,24,23,15,0,46,3,2,1,2,0,0.255
264,Wenceel Pérez,DET,87,347,385,83,55,16,4,8,41,40,32,0,80,3,3,0,9,3,0.240
265,Johan Rojas,PHI,73,262,282,66,47,12,2,5,32,28,14,0,54,3,2,1,17,3,0.252
266,Christian Moore,LAA,65,241,263,60,40,11,1,7,29,29,16,0,66,3,2,1,4,1,0.248
267,Masataka Yoshida,BOS,92,349,390,98,67,20,1,10,46,47,30,1,54,7,3,1,3,1,0.281
268,Jake Fraley,CIN,104,372,421,95,64,17,1,13,50,49,40,1,82,5,3,1,18,5,0.256
269,Javier Báez,DET,79,301,323,71,47,14,1,9,33,35,15,1,76,4,2,1,6,2,0.236
270,Gabriel Arias,CLE,63,227,248,54,35,11,1,7,26,27,16,0,68,2,2,1,6,2,0.239
271,Juan Brito,CLE,62,218,250,51,33,12,0,5,27,24,26,0,48,2,2,1,3,1,0.231
272,Kyle Teel,CHW,42,151,171,36,25,7,0,4,17,16,17,0,44,2,1,1,2,1,0.235
273,Trent Grisham,NYY,52,177,206,38,22,8,0,7,25,23,23,0,55,3,1,1,4,1,0.212
274,Roman Anthony,BOS,83,292,335,72,45,17,2,8,39,35,37,1,88,2,2,1,7,2,0.245
275,Mauricio Dubón,HOU,79,303,324,81,58,16,1,6,35,32,15,0,44,2,2,1,4,1,0.266
276,Andy Pages,LAD,44,160,178,40,24,8,1,7,22,24,14,0,42,2,1,0,2,1,0.247
277,José Tena,WSN,75,285,308,72,49,14,1,7,32,33,18,0,79,2,2,1,7,2,0.251
278,Gary Sánchez,BAL,60,218,246,47,28,8,1,10,28,30,22,0,66,4,2,1,1,0,0.217
279,Giancarlo Stanton,NYY,84,321,359,74,39,12,0,22,47,56,33,2,107,2,3,0,1,0,0.230
280,Edgar Quero,CHW,36,129,147,30,21,6,0,4,15,15,14,0,30,2,1,0,1,0,0.235
281,Josh Bell,WSN,134,508,574,127,82,23,1,20,66,70,57,2,113,5,4,1,1,0,0.250
282,Tyler Freeman,CLE,37,138,155,36,25,7,0,3,17,16,11,0,23,5,1,0,5,1,0.259
283,Seth Brown,ATH,78,290,317,69,42,12,1,14,36,41,22,0,85,2,2,1,4,1,0.238
284,Andrew Benintendi,CHW,107,422,468,109,76,21,1,12,52,49,39,1,79,3,3,1,6,2,0.259
285,Jose Iglesias,SDP,87,329,352,87,63,18,1,6,34,35,15,0,59,5,2,1,4,1,0.265
286,Lenyn Sosa,CHW,71,277,296,70,47,13,0,10,31,35,14,1,60,2,2,1,2,1,0.252
287,Tyrone Taylor,NYM,78,288,314,68,41,16,2,10,36,37,18,0,73,5,2,1,7,2,0.236
288,Alex Verdugo,,81,315,348,81,56,17,1,8,39,36,27,0,54,2,2,1,2,1,0.259
289,Oswald Peraza,NYY,50,180,201,42,28,7,0,6,23,22,16,0,47,3,1,1,7,2,0.232
290,Ty France,MIN,100,361,405,93,62,20,0,10,45,44,28,0,76,12,3,1,1,0,0.257
291,Pedro Pagés,STL,57,202,224,46,31,8,1,6,24,24,18,0,57,2,2,1,2,0,0.229
292,Jhonkensy Noel,CLE,78,288,316,67,38,13,1,15,37,42,21,0,83,5,2,1,1,0,0.232
293,Yasmani Grandal,,33,116,132,27,18,5,0,4,14,14,14,0,28,1,1,0,1,0,0.235
294,Austin Hedges,CLE,45,160,174,30,21,5,0,3,15,15,11,0,48,2,1,1,2,1,0.190
295,Agustin Ramirez,MIA,62,224,250,52,33,11,1,7,27,27,21,0,53,2,2,1,4,1,0.232
296,Rhys Hoskins,MIL,131,482,549,107,60,20,1,26,66,73,56,1,154,6,4,1,3,1,0.223
297,Will Brennan,CLE,62,233,252,63,45,13,1,5,26,26,15,1,37,2,2,1,5,2,0.272
298,Enrique Hernández,LAD,66,242,266,58,38,12,1,7,29,30,19,0,51,2,2,1,1,0,0.241
299,Caleb Durbin,MIL,49,173,197,41,28,9,1,3,22,19,18,0,27,4,1,1,8,2,0.239
300,Taylor Walls,TBR,57,189,218,39,26,8,1,4,24,19,25,0,54,1,2,1,11,2,0.209
301,Mitch Garver,SEA,75,269,311,56,33,11,0,12,34,35,35,0,89,4,2,1,1,0,0.209
302,Christian Encarnacion-Strand,CIN,84,323,354,83,50,16,1,16,43,50,24,1,91,4,2,1,2,1,0.257
303,Rob Refsnyder,BOS,50,191,219,49,32,10,1,6,27,24,22,1,55,4,2,0,3,1,0.257
304,Blake Perkins,MIL,58,205,234,47,32,9,1,5,25,22,25,0,60,2,2,1,9,2,0.228
305,Paul DeJong,WSN,79,286,313,59,36,11,0,12,32,36,20,0,97,4,2,1,3,1,0.207
306,Curtis Mead,TBR,57,210,232,55,36,11,1,6,26,26,16,0,44,4,2,1,3,1,0.260
307,Oliver Dunn,MIL,81,270,308,57,35,12,2,8,34,31,32,0,105,3,2,1,7,2,0.210
308,Dairon Blanco,KCR,49,177,196,45,32,8,1,4,24,20,14,0,48,3,1,1,25,6,0.255
309,Luis Torrens,NYM,38,135,149,31,20,6,0,4,16,16,11,0,39,1,1,0,1,0,0.226
310,Hunter Renfroe,KCR,86,318,352,77,46,17,1,13,40,43,28,0,75,3,2,1,1,0,0.243
311,Carlos Narvaez,BOS,47,164,188,35,23,8,0,4,20,18,20,1,56,2,1,1,2,1,0.216
312,Brooks Baldwin,CHW,45,166,181,41,29,8,0,4,19,18,12,0,38,1,1,1,4,1,0.249
313,Alex Call,WSN,60,211,246,48,31,10,1,6,28,23,29,0,51,4,2,1,6,2,0.226
314,Alex Jackson,NYY,30,105,116,22,13,5,0,4,13,13,8,0,34,1,1,0,1,0,0.209
315,Drew Romo,COL,57,207,222,52,35,10,1,5,24,24,11,0,44,2,2,1,3,1,0.249
316,Donovan Solano,SEA,83,316,350,80,58,16,1,6,35,33,25,0,78,6,2,1,2,1,0.253
317,Amed Rosario,WSN,49,194,207,51,37,9,2,3,22,20,9,0,39,2,1,0,6,2,0.265
318,Kyle Stowers,MIA,107,381,428,86,51,18,2,16,45,50,37,0,129,6,3,1,2,1,0.226
319,Eguy Rosario,SDP,62,219,244,50,30,11,1,8,28,28,20,0,62,2,2,1,6,2,0.230
320,Luis Matos,SFG,55,208,227,52,34,11,1,6,25,25,14,0,31,3,2,1,3,1,0.250
321,Mickey Moniak,LAA,66,257,276,60,37,11,1,10,31,33,14,0,80,3,2,1,5,2,0.232
322,Pavin Smith,ARI,78,274,315,68,44,13,1,10,36,37,35,1,69,2,2,1,2,1,0.248
323,Orelvis Martinez,TOR,52,189,209,42,24,9,0,8,24,26,16,1,53,3,1,1,1,0,0.222
324,DJ LeMahieu,NYY,71,263,297,65,47,11,1,6,33,28,29,0,55,2,2,1,2,1,0.246
325,Jonah Bride,MIA,91,333,389,78,52,16,1,10,42,42,47,0,83,5,3,0,2,1,0.235
326,Ryan Bliss,SEA,41,144,161,32,21,7,1,4,17,16,13,0,42,2,1,1,10,3,0.222
327,Luisangel Acuña,NYM,39,145,156,36,26,6,1,3,17,15,9,0,30,1,1,1,7,2,0.249
328,Tyler Heineman,TOR,33,114,130,24,18,4,0,2,13,11,12,0,28,2,1,0,2,1,0.211
329,Austin Hays,CIN,118,446,487,112,70,27,1,16,54,57,30,1,118,7,3,1,5,2,0.252
330,Connor Wong,BOS,87,316,345,78,51,17,1,9,37,38,21,0,91,5,3,1,6,2,0.246
331,Victor Scott II,STL,63,225,247,53,38,10,1,4,27,23,16,0,49,3,2,1,14,3,0.236
332,Justin Turner,CHC,83,315,356,79,55,15,0,8,39,39,33,1,69,6,2,0,2,0,0.252
333,Tommy Pham,PIT,104,424,470,105,72,20,2,11,56,43,38,0,107,4,3,2,11,3,0.248
334,Javier Sanoja,MIA,52,192,209,50,36,10,1,2,21,19,14,0,20,1,1,1,5,2,0.261
335,Jason Heyward,SDP,81,287,320,67,42,14,1,10,36,37,26,1,69,4,2,1,4,1,0.234
336,Jhonny Pereda,ATH,26,88,100,21,15,4,0,1,10,9,10,0,24,1,1,0,1,0,0.237
337,Esteury Ruiz,ATH,26,101,113,25,17,5,0,2,14,10,8,0,25,3,1,0,11,3,0.247
338,Thomas Saggese,STL,49,180,195,43,29,9,1,5,20,21,10,0,46,3,1,1,2,1,0.240
339,Zach McKinstry,DET,47,169,188,39,26,8,2,4,20,18,15,0,40,2,1,1,6,2,0.232
340,Starling Marte,NYM,63,246,270,65,46,11,2,6,32,29,17,1,58,4,2,1,10,2,0.262
341,Chandler Simpson,TBR,23,84,92,23,19,4,0,1,10,8,7,0,11,1,1,0,9,2,0.277
342,Cole Young,SEA,34,122,138,28,20,6,0,2,14,12,13,0,27,2,1,0,3,1,0.230
343,Coby Mayo,BAL,28,98,110,23,14,5,0,4,13,13,10,0,31,1,1,0,1,0,0.233
344,Santiago Espinal,CIN,47,170,186,45,33,9,0,3,20,19,13,0,27,1,1,1,4,1,0.264
345,Austin Slater,CHW,49,184,210,42,29,7,0,5,23,20,21,0,60,3,1,1,4,1,0.230
346,Jared Triolo,PIT,55,192,219,47,33,9,1,4,22,20,22,0,56,2,2,1,4,1,0.243
347,Rafael Marchán,PHI,33,117,131,28,19,6,0,3,14,13,11,0,23,2,1,0,1,0,0.236
348,Edmundo Sosa,PHI,41,150,162,37,24,7,1,4,17,18,7,0,40,4,1,0,3,1,0.243
349,Wilmer Flores,SFG,71,273,307,66,42,13,1,10,36,36,27,1,49,4,2,1,1,0,0.242
350,Darell Hernaiz,ATH,26,94,102,24,17,5,0,2,11,10,7,0,18,1,1,0,2,1,0.257
351,Michael Siani,STL,68,234,263,51,38,8,1,4,27,22,24,0,65,2,2,1,11,3,0.219
352,Nick Yorke,PIT,36,127,142,33,23,7,0,3,15,15,12,0,31,1,1,0,3,1,0.257
353,Connor Joe,SDP,57,212,243,48,30,11,1,6,27,25,26,0,58,3,2,0,2,1,0.228
354,Austin Barnes,LAD,33,114,128,26,18,4,0,3,14,13,11,0,29,1,1,0,2,0,0.227
355,Jon Berti,CHC,42,154,171,38,28,6,1,3,18,15,14,0,37,2,1,1,7,2,0.244
356,Derek Hill,MIA,63,234,254,57,39,10,2,6,26,27,15,0,69,2,2,1,6,2,0.245
357,Jarred Kelenic,ATL,42,149,166,35,21,8,1,6,20,19,14,1,46,1,1,1,4,1,0.236
358,Randal Grichuk,ARI,62,238,258,61,39,13,1,8,30,32,15,0,55,3,2,0,1,0,0.256
359,Alan Roden,TOR,28,98,112,25,17,5,0,2,13,11,11,0,20,2,1,0,2,0,0.254
360,Jorge Mateo,BAL,31,111,120,26,17,6,1,3,14,13,7,0,30,1,1,0,8,2,0.233
361,Jacob Melton,HOU,37,139,151,31,20,6,1,4,17,17,10,0,38,1,1,0,6,1,0.226
362,Ezequiel Duran,TEX,39,145,156,37,24,8,1,4,17,17,8,0,37,1,1,0,3,1,0.253
363,Ramón Laureano,BAL,47,177,196,41,26,8,1,6,21,22,13,0,56,4,1,0,4,1,0.230
364,Dane Myers,MIA,86,305,337,74,51,13,1,8,34,34,23,0,94,5,3,1,7,2,0.241
365,Ben Rice,NYY,35,120,138,27,16,5,0,6,17,18,15,0,35,2,1,1,1,0,0.225
366,Elias Díaz,SDP,72,261,285,59,40,12,0,7,29,29,19,1,67,2,2,1,1,0,0.226
367,Davis Schneider,TOR,45,165,191,36,21,8,0,6,22,21,22,0,55,2,1,0,2,1,0.218
368,Nick Castellanos,PHI,147,572,621,145,91,29,2,23,72,81,37,1,146,6,5,1,6,2,0.253
369,Liam Hicks,MIA,24,85,98,20,14,4,0,1,10,8,11,0,18,2,1,0,1,0,0.233
370,James McCann,,42,151,164,34,23,7,0,5,17,17,9,0,42,2,1,1,2,0,0.228
371,Chris Taylor,LAD,66,236,267,51,33,11,1,6,29,27,26,1,85,3,2,1,6,1,0.215
372,Nick Loftin,KCR,29,106,119,26,19,5,0,2,13,12,11,0,20,1,1,0,1,0,0.249
373,Johnathan Rodriguez,CLE,32,118,132,28,18,5,0,5,15,15,12,0,40,1,1,0,1,0,0.240
374,Tyler Black,MIL,53,193,224,44,29,8,2,5,25,23,25,0,52,4,2,0,7,2,0.228
375,Kevin Newman,LAA,55,196,212,48,35,10,1,2,21,19,12,0,36,2,2,1,5,1,0.245
376,Addison Barger,TOR,26,93,104,22,13,5,0,3,12,12,9,0,26,1,1,0,1,0,0.236
377,Austin Martin,MIN,28,95,109,23,17,5,0,1,12,9,12,0,20,2,1,0,3,1,0.246
378,Angel Martínez,CLE,29,115,128,28,19,6,0,3,14,12,10,0,25,1,1,0,2,1,0.239
379,Miguel Rojas,LAD,23,82,89,21,15,4,0,2,10,9,5,0,11,1,1,0,2,0,0.259
380,Andy Ibáñez,DET,45,177,194,43,29,10,1,4,20,19,13,0,40,2,1,1,2,1,0.244
381,Jack Suwinski,PIT,34,124,141,27,16,5,0,5,16,17,15,1,42,1,1,0,3,1,0.219
382,Kyle Farmer,COL,62,230,253,58,40,11,1,6,27,27,15,1,50,5,2,1,4,2,0.253
383,Max Schuemann,ATH,26,88,101,19,14,4,0,2,10,8,10,0,28,2,1,0,3,1,0.215
384,Eloy Jiménez,TBR,28,108,118,29,19,5,0,4,14,16,8,0,24,1,1,0,1,0,0.267
385,Brett Wisely,SFG,34,121,134,28,19,6,0,3,14,13,11,0,32,1,1,0,3,1,0.233
386,David Fry,CLE,41,148,168,36,22,8,0,5,19,20,16,1,39,3,1,0,2,0,0.244
387,Jake Mangum,TBR,28,104,112,27,19,6,0,1,11,11,5,0,23,1,1,0,3,1,0.259
388,Adrian Del Castillo,ARI,28,99,111,24,15,6,0,3,13,13,10,0,27,1,1,0,1,0,0.242
389,Justyn-Henry Malloy,DET,36,128,150,28,18,6,0,4,16,15,19,0,45,2,1,0,1,0,0.223
390,Vaughn Grissom,BOS,16,58,65,15,11,3,0,1,7,7,6,0,12,1,0,0,1,0,0.264
391,Michael Toglia,COL,131,474,536,107,61,19,3,25,63,68,55,2,160,3,4,1,8,2,0.227
392,Nick Allen,ATL,24,85,94,21,15,4,0,1,10,9,7,0,16,1,1,0,2,1,0.249
393,Colby Thomas,ATH,28,103,112,24,14,6,0,4,13,13,6,0,31,2,1,0,2,1,0.237
394,Whit Merrifield,,42,158,174,39,28,7,1,3,18,16,13,0,30,1,1,1,7,2,0.246
395,Ben Gamel,HOU,36,125,144,29,19,6,1,3,16,15,17,0,38,1,1,0,1,0,0.233
396,Noelvi Marte,CIN,36,129,141,31,21,6,0,4,15,15,9,0,35,1,1,0,4,1,0.240
397,Chase DeLauter,CLE,16,59,66,16,10,3,0,2,8,8,5,0,12,1,0,0,1,0,0.261
398,Jerar Encarnacion,SFG,84,294,329,69,43,12,1,13,37,40,29,0,109,2,2,1,2,1,0.233
399,Brett Baty,NYM,18,64,72,15,10,3,0,2,8,8,6,0,18,1,1,0,0,0,0.238
400,David Hamilton,BOS,18,64,72,15,10,3,0,2,9,7,7,0,18,1,1,0,5,1,0.230
401,Sam Hilliard,COL,52,183,205,43,26,8,1,8,24,24,19,0,63,1,1,1,6,1,0.237
402,Tirso Ornelas,SDP,71,261,289,63,42,13,1,8,32,31,23,1,60,2,2,1,3,1,0.242
403,Brandon Drury,CHW,58,223,244,52,33,10,1,8,25,28,16,0,57,3,2,0,1,0,0.234
404,Leo Rivas,SEA,16,55,64,12,9,2,0,1,6,5,8,0,17,1,0,0,3,1,0.212
405,Christian Bethancourt,TOR,18,65,70,15,10,3,0,2,7,8,3,0,18,0,1,0,1,0,0.231
406,Emmanuel Rodriguez,MIN,15,49,59,10,6,2,0,2,7,6,9,0,20,1,0,0,1,0,0.212
407,Will Benson,CIN,45,150,175,31,18,7,1,6,22,19,22,0,58,2,1,1,8,2,0.210
408,Andruw Monasterio,MIL,24,87,98,21,15,4,0,1,10,9,10,0,23,1,1,0,3,1,0.237
409,Stuart Fairchild,CIN,52,188,211,42,27,9,1,6,24,23,17,0,59,4,1,1,7,2,0.226
410,Spencer Torkelson,DET,47,177,201,39,22,9,0,7,22,23,20,0,54,2,1,0,1,0,0.221
411,Daniel Schneemann,CLE,26,93,105,20,13,4,0,2,11,10,11,0,29,1,1,0,2,0,0.219
412,Romy Gonzalez,BOS,19,74,80,19,12,3,1,2,9,9,5,0,23,1,1,0,3,1,0.250
413,Eric Wagaman,MIA,34,129,141,32,21,7,1,4,15,16,9,0,29,1,1,0,2,1,0.249
414,Luke Keaschall,MIN,13,46,53,11,8,2,0,1,6,5,5,0,11,1,0,0,1,0,0.246
415,Leo Jiménez,TOR,11,39,45,9,6,2,0,1,5,4,4,0,10,1,0,0,0,0,0.236
416,Joshua Palacios,PIT,26,97,107,25,17,5,0,3,12,12,8,0,23,1,1,0,2,1,0.254
417,Matt Thaiss,CHW,26,89,103,19,13,3,0,3,10,10,12,0,28,1,1,0,1,0,0.215
418,Michael A. Taylor,CHW,39,138,151,29,20,5,0,4,15,15,10,0,49,1,1,1,4,1,0.211
419,Chadwick Tromp,ATL,12,43,47,10,6,2,0,1,5,5,4,0,12,0,0,0,0,0,0.225
420,Vidal Bruján,CHC,26,91,103,21,14,4,1,2,11,10,9,1,21,1,1,0,4,1,0.230
421,Eric Haase,MIL,30,110,120,24,15,4,0,4,12,14,8,0,39,1,1,0,1,0,0.215
422,Blake Sabol,BOS,14,49,55,11,7,2,0,1,6,6,5,0,16,1,0,0,1,0,0.234
423,Nathan Lukes,TOR,15,56,62,15,10,3,0,1,7,6,5,0,12,1,0,0,1,0,0.266
424,Tim Anderson,LAA,23,92,98,24,18,4,0,1,10,8,4,0,23,1,1,0,2,1,0.256
425,Mark Canha,MIL,36,131,152,32,22,6,0,3,17,15,15,0,31,4,1,0,2,0,0.241
426,Anthony Rizzo,,57,211,240,49,33,9,0,7,26,27,20,1,50,6,2,0,1,0,0.233
427,Hunter Goodman,COL,74,271,294,64,34,15,1,14,35,40,17,0,76,3,2,1,2,1,0.237
428,Nelson Velázquez,KCR,29,108,120,25,14,5,0,5,14,15,10,0,33,1,1,0,2,0,0.228
429,Dominic Canzone,SEA,13,47,52,11,7,2,0,2,6,6,4,0,12,0,0,0,0,0,0.240
430,Drew Millas,WSN,11,37,42,9,6,2,0,1,4,4,4,0,8,0,0,0,1,0,0.241
431,Ronny Mauricio,NYM,10,37,40,9,6,2,0,1,5,5,2,0,8,0,0,0,1,0,0.248
432,Bryan Ramos,CHW,28,102,113,24,15,4,0,4,12,12,8,0,26,1,1,0,1,0,0.231
433,Adam Frazier,PIT,53,197,217,48,34,10,1,3,21,20,16,0,36,3,2,1,3,1,0.244
434,Grant McCray,SFG,28,98,109,22,14,5,1,3,11,11,8,0,35,1,1,0,3,1,0.220
435,Logan Driscoll,TBR,8,27,30,6,4,1,0,1,3,3,2,0,8,0,0,0,0,0,0.228
436,Hao-Yu Lee,DET,10,36,39,9,6,2,0,1,4,4,3,0,8,0,0,0,1,0,0.248
437,Drew Waters,KCR,19,69,77,16,10,4,1,2,8,8,7,0,23,1,1,0,2,1,0.236
438,Joey Gallo,CHW,53,184,219,33,17,5,0,10,24,24,30,0,83,2,1,0,2,1,0.178
439,Taylor Trammell,HOU,18,62,72,13,8,3,0,2,8,8,8,0,23,1,1,0,2,1,0.208
440,Vinny Capra,MIL,28,99,112,23,17,5,0,1,11,10,10,0,24,1,1,0,1,0,0.233
441,Jared Serna,MIA,23,84,92,19,13,5,0,2,9,9,6,0,18,1,1,0,2,1,0.230
442,Max Muncy,ATH,13,48,53,11,7,2,0,1,5,5,4,0,15,1,0,0,1,0,0.223
443,Tom Murphy,SFG,34,121,136,27,17,5,0,4,14,15,12,0,37,1,1,0,1,0,0.225
444,J.D. Davis,LAA,26,98,110,22,14,4,0,3,12,12,10,0,35,1,1,0,0,0,0.227
445,Jose Herrera,ARI,18,62,70,14,10,3,0,1,7,6,7,0,16,0,1,0,1,0,0.226
446,Henry Davis,PIT,17,60,68,13,9,3,0,2,7,7,7,0,18,1,0,0,1,0,0.224
447,Gage Workman,CHC,16,60,66,13,8,3,0,1,7,6,5,0,21,0,0,0,2,1,0.222
448,J.C. Escarra,NYY,9,33,37,7,5,2,0,1,4,4,3,0,7,0,0,0,0,0,0.222
449,David Peralta,,50,185,203,46,31,10,0,5,21,22,15,0,43,2,1,1,2,0,0.251
450,Jordan Beck,COL,100,350,390,85,54,18,2,11,43,43,33,1,106,3,3,1,9,2,0.243
451,Joey Wiemer,KCR,34,118,133,26,17,6,0,3,14,13,12,0,38,1,1,0,3,1,0.217
452,Casey Schmitt,SFG,11,41,45,10,7,2,0,1,5,5,3,0,10,0,0,0,1,0,0.239
453,Tyler Locklear,SEA,23,81,92,18,11,4,0,3,10,9,8,0,26,2,1,0,1,0,0.219
454,Sam Huff,SFG,11,39,42,8,5,2,0,1,4,4,3,0,14,0,0,0,0,0,0.215
455,Jeferson Quero,MIL,6,22,24,5,3,1,0,1,3,3,2,0,5,0,0,0,0,0,0.230
456,Dylan Carlson,BAL,8,29,33,7,5,1,0,1,4,3,3,0,8,1,0,0,0,0,0.238
457,Juan Yepez,WSN,23,87,96,21,13,5,0,3,11,12,8,0,19,1,1,0,1,0,0.245
458,Pablo Reyes,NYY,8,29,33,7,5,1,0,1,4,3,3,0,6,0,0,0,1,0,0.244
459,Marcelo Mayer,BOS,6,24,26,6,4,2,0,1,3,3,2,0,6,0,0,0,0,0,0.246
460,Max Acosta,MIA,15,54,59,13,9,3,0,1,6,5,3,0,11,1,0,0,2,1,0.245
461,Luken Baker,STL,29,107,121,23,14,4,0,5,14,15,12,0,33,1,1,0,0,0,0.219
462,Buddy Kennedy,PHI,10,35,40,8,5,2,0,1,4,4,4,0,9,0,0,0,0,0,0.229
463,Cal Stevenson,PHI,10,33,39,7,5,1,0,1,4,4,5,0,9,0,0,0,1,0,0.227
464,Luis Guillorme,HOU,8,28,32,7,5,1,0,0,3,3,3,0,6,0,0,0,1,0,0.244
465,DaShawn Keirsey Jr.,MIN,11,42,46,10,7,2,0,1,5,4,3,0,12,0,0,0,2,0,0.237
466,Manuel Margot,MIL,13,50,54,13,9,3,0,1,6,5,4,0,10,0,0,0,1,0,0.257
467,Weston Wilson,PHI,19,69,78,15,9,3,0,3,9,9,8,0,23,1,1,0,2,1,0.218
468,Sean Bouchard,COL,41,141,162,34,20,7,1,5,19,18,17,0,44,2,1,0,3,1,0.242
469,Brett Harris,ATH,5,17,19,4,3,1,0,0,2,2,2,0,4,0,0,0,0,0,0.231
470,Victor Mesa Jr.,MIA,23,85,92,19,13,4,0,2,9,9,6,0,22,1,1,0,1,0,0.228
471,Jacob Stallings,COL,69,235,266,55,37,12,1,6,28,26,23,1,62,4,2,1,2,0,0.236
472,Graham Pauley,MIA,21,76,84,17,11,4,0,2,9,9,7,0,20,1,1,0,1,0,0.228
473,Miles Mastrobuoni,SEA,6,23,26,5,4,1,0,0,3,2,2,0,6,0,0,0,1,0,0.233
474,J.D. Martinez,,86,329,368,77,46,17,1,12,41,45,32,0,106,3,3,0,1,0,0.235
475,Jon Singleton,HOU,21,74,86,16,10,3,0,3,10,10,11,0,24,0,1,0,0,0,0.217
476,Andrew McCutchen,PIT,105,399,462,92,60,17,1,14,53,51,53,1,115,5,3,1,5,2,0.230
477,Myles Straw,TOR,16,56,63,13,10,2,0,0,6,5,5,0,12,0,0,0,2,0,0.222
478,Hunter Feduccia,LAD,5,16,18,3,2,1,0,0,2,2,2,0,5,0,0,0,0,0,0.211
479,Korey Lee,CHW,44,155,167,33,21,7,0,5,17,17,9,0,49,1,1,1,3,1,0.216
480,Deyvison De Los Santos,MIA,81,306,328,76,48,13,1,14,37,42,16,1,85,3,2,1,1,0,0.248
481,Jacob Amaya,CHW,8,28,32,6,4,1,0,1,3,3,3,0,8,0,0,0,0,0,0.215
482,Nasim Nuñez,WSN,5,17,20,4,3,1,0,0,2,1,2,0,4,0,0,0,1,0,0.228
483,Jimmy Crooks,STL,3,11,12,3,2,1,0,0,1,1,1,0,3,0,0,0,0,0,0.240
484,Jason Delay,PIT,5,16,18,4,3,1,0,0,2,1,1,0,4,0,0,0,0,0,0.230
485,Shay Whitcomb,HOU,6,24,26,5,3,1,0,1,3,3,2,0,7,0,0,0,1,0,0.225
486,Wade Meckler,SFG,3,12,13,3,2,1,0,0,1,1,1,0,3,0,0,0,0,0,0.258
487,Tomás Nido,DET,5,16,17,4,3,1,0,0,2,2,1,0,4,0,0,0,0,0,0.234
488,Kevin Alcántara,CHC,11,41,45,10,7,2,0,1,5,5,3,0,13,0,0,0,1,0,0.237
489,Everson Pereira,NYY,6,23,26,5,3,1,0,1,3,3,2,0,8,0,0,0,0,0,0.233
490,Adael Amador,COL,6,22,25,5,4,1,0,1,3,3,2,0,5,0,0,0,1,0,0.243
491,Jonatan Clase,TOR,8,29,32,6,4,1,0,1,4,3,3,0,9,0,0,0,2,1,0.220
492,James Outman,LAD,3,11,13,2,2,0,0,0,2,1,1,0,4,0,0,0,0,0,0.220
493,Riley Adams,WSN,27,97,108,22,13,5,0,3,11,12,9,0,31,2,1,0,1,0,0.224
494,Ji Hwan Bae,PIT,3,12,13,3,2,1,0,0,1,1,1,0,3,0,0,0,1,0,0.254
495,DJ Stewart,PIT,8,28,33,6,4,1,0,1,4,4,4,0,9,1,0,0,0,0,0.218
496,Owen Caissie,CHC,8,29,33,7,4,1,0,1,4,4,3,0,10,0,0,0,0,0,0.234
497,Liover Peguero,PIT,6,24,26,6,4,1,0,1,3,3,2,0,6,0,0,0,1,0,0.232
498,Jair Camargo,MIN,5,17,18,3,2,1,0,1,2,2,1,0,6,0,0,0,0,0,0.204
499,Tyler Wade,SDP,21,77,85,17,13,3,0,1,8,7,7,0,21,1,1,0,4,1,0.221
500,Zach Dezenzo,HOU,5,18,20,4,3,1,0,1,2,2,1,0,6,0,0,0,0,0,0.239
501,Tim Tawa,ARI,5,18,20,4,3,1,0,1,2,2,1,0,5,0,0,0,0,0,0.232
502,Austin Shenton,SEA,8,29,33,6,4,1,0,1,3,3,4,0,11,0,0,0,0,0,0.209
503,Enmanuel Valdez,PIT,3,12,13,3,2,1,0,0,1,1,1,0,3,0,0,0,0,0,0.234
504,Reese McGuire,CHC,3,11,12,2,2,0,0,0,1,1,1,0,3,0,0,0,0,0,0.226
505,Jahmai Jones,DET,5,17,20,4,3,1,0,0,2,2,2,0,5,0,0,0,0,0,0.223
506,Michael Helman,STL,15,54,59,12,8,3,0,1,6,6,4,0,14,1,0,0,1,0,0.224
507,Seby Zavala,BOS,3,11,12,2,1,0,0,0,1,1,1,0,4,0,0,0,0,0,0.199
508,Bryan De La Cruz,ATL,26,104,112,25,17,5,0,4,13,13,6,0,29,1,1,0,1,0,0.244
509,Trey Lipscomb,WSN,8,29,32,7,5,1,0,0,3,3,2,0,6,0,0,0,1,0,0.245
510,Nacho Alvarez Jr.,ATL,3,12,13,3,2,1,0,0,1,1,1,0,3,0,0,0,0,0,0.243
511,Alexander Canario,NYM,6,23,26,5,3,1,0,1,3,3,2,0,8,0,0,0,0,0,0.213
512,Jorbit Vivas,NYY,3,11,13,3,2,0,0,0,1,1,1,0,2,0,0,0,0,0,0.220
513,Billy Cook,PIT,21,74,82,17,11,3,0,2,9,9,6,0,23,1,1,0,2,1,0.230
514,Livan Soto,BAL,3,12,13,3,2,1,0,0,1,1,1,0,3,0,0,0,0,0,0.228
515,Nick Maton,CHW,3,12,13,3,2,1,0,0,1,1,1,0,3,0,0,0,0,0,0.217
516,Kameron Misner,TBR,6,23,27,5,3,1,0,1,3,3,3,0,9,0,0,0,1,0,0.200
517,Aledmys Díaz,,13,49,53,11,8,2,0,1,5,5,3,0,11,1,0,0,0,0,0.232
518,Cavan Biggio,KCR,5,17,19,4,2,1,0,0,2,2,2,0,5,0,0,0,0,0,0.212
519,Rowdy Tellez,SEA,5,18,20,4,3,1,0,1,2,3,2,0,5,0,0,0,0,0,0.230
520,Jakob Marsee,MIA,5,17,20,4,2,1,0,0,2,2,2,0,5,0,0,0,1,0,0.207
521,Joe Mack,MIA,3,11,12,2,2,0,0,0,1,1,1,0,3,0,0,0,0,0,0.214
522,Miguel Sanó,,10,36,41,8,5,1,0,2,5,5,4,0,14,1,0,0,0,0,0.218
523,Keston Hiura,COL,3,12,13,3,2,0,0,1,2,2,1,0,4,0,0,0,0,0,0.248
524,César Salazar,HOU,2,5,6,1,1,0,0,0,1,1,1,0,1,0,0,0,0,0,0.211
525,Matt Koperniak,STL,5,18,20,4,3,1,0,0,2,2,1,0,4,0,0,0,0,0,0.249
526,Brady House,WSN,8,31,33,7,5,1,0,1,3,3,2,0,9,0,0,0,0,0,0.226
527,Brandon Lockridge,SDP,10,36,40,8,6,2,0,1,4,4,3,0,11,0,0,0,2,0,0.230
528,José Fermín,STL,2,6,7,1,1,0,0,0,1,1,1,0,1,0,0,0,0,0,0.244
529,David Bote,LAD,3,12,13,3,2,1,0,0,1,1,1,0,3,0,0,0,0,0,0.228
530,Kevin Pillar,TEX,6,25,27,6,4,1,0,1,3,3,1,0,6,0,0,0,1,0,0.231
531,Andrés Chaparro,WSN,6,25,28,6,4,1,0,1,3,3,2,0,6,0,0,0,0,0,0.242
532,Kody Clemens,PHI,5,18,19,4,2,1,0,1,2,2,1,0,5,0,0,0,0,0,0.226
533,Tyler Gentry,KCR,8,29,32,7,4,1,0,1,3,3,3,0,9,0,0,0,0,0,0.230
534,Jakson Reetz,NYM,2,5,6,1,1,0,0,0,1,1,0,0,2,0,0,0,0,0,0.199
535,Omar Narváez,CHW,5,16,18,3,2,1,0,0,2,2,2,0,4,0,0,0,0,0,0.222
536,Luke Maile,KCR,5,15,17,3,2,1,0,0,2,2,1,0,5,0,0,0,0,0,0.218
537,Nick Sogard,BOS,2,6,6,1,1,0,0,0,1,1,1,0,2,0,0,0,0,0,0.238
538,Nicky Lopez,CHC,2,6,7,1,1,0,0,0,1,1,1,0,1,0,0,0,0,0,0.249
539,Garrett Stubbs,PHI,5,16,18,3,2,1,0,0,2,2,2,0,4,0,0,0,0,0,0.212
540,Petey Halpin,CLE,3,12,13,3,2,1,0,0,1,1,1,0,3,0,0,0,0,0,0.220
541,Austin Wynns,CIN,2,5,6,1,1,0,0,0,1,1,0,0,2,0,0,0,0,0,0.229
542,Osleivis Basabe,SFG,2,6,7,2,1,0,0,0,1,1,0,0,1,0,0,0,0,0,0.249
543,Isaac Collins,MIL,2,6,7,1,1,0,0,0,1,1,1,0,2,0,0,0,0,0,0.220
544,Matthew Lugo,LAA,3,12,13,3,2,1,0,0,1,1,1,0,3,0,0,0,0,0,0.232
545,Dom Nuñez,CLE,3,11,12,2,1,0,0,0,1,1,1,0,4,0,0,0,0,0,0.180
546,Travis Jankowski,CHC,5,17,20,4,3,1,0,0,2,2,2,0,4,0,0,0,1,0,0.238
547,Jonathan Ornelas,TEX,3,12,13,3,2,0,0,0,1,1,1,0,4,0,0,0,0,0,0.229
548,Jorge Barrosa,ARI,2,6,7,1,1,0,0,0,1,1,1,0,1,0,0,0,0,0,0.233
549,Dominic Fletcher,CHW,23,83,91,19,14,4,0,2,8,8,6,0,21,1,1,0,1,0,0.235
550,Chuckie Robinson,LAA,2,5,6,1,1,0,0,0,1,1,0,0,1,0,0,0,0,0,0.216
551,Luke Ritter,NYM,3,12,13,2,1,0,0,0,1,1,1,0,5,0,0,0,0,0,0.194
552,Oscar Gonzalez,SDP,3,13,13,3,2,1,0,0,1,2,1,0,3,0,0,0,0,0,0.248
553,Blake Hunt,SEA,2,6,6,1,1,0,0,0,1,1,0,0,2,0,0,0,0,0,0.201
554,Gustavo Campero,LAA,2,6,6,1,1,0,0,0,1,1,0,0,1,0,0,0,0,0,0.240
555,David Bañuelos,BAL,2,6,6,1,1,0,0,0,1,1,0,0,2,0,0,0,0,0,0.195
556,Dustin Harris,TEX,5,17,20,4,3,1,0,0,2,2,2,0,5,0,0,0,1,0,0.230
557,Joey Loperfido,TOR,42,145,161,32,20,7,1,4,17,16,12,1,50,2,1,1,4,1,0.219
558,Curt Casali,ATL,3,10,12,2,2,0,0,0,1,1,1,0,3,0,0,0,0,0,0.216
559,Christian Cairo,ATL,3,11,13,2,2,0,0,0,1,1,1,0,3,0,0,0,0,0,0.209
560,Darren Baker,WSN,6,24,27,6,5,1,0,0,2,2,2,0,5,0,0,0,1,0,0.251
561,Jacob Hurtubise,CIN,3,12,13,3,2,0,0,0,1,1,2,0,3,0,0,0,0,0,0.234
562,Wander Franco,TBR,0,1,1,0,0,0,0,0,0,0,0,0,0,0,0,0,0,0,0.281
563,Cooper Hummel,HOU,3,11,13,2,1,1,0,0,1,1,2,0,4,0,0,0,0,0,0.209
564,Braden Shewmake,NYY,2,6,6,1,1,0,0,0,1,1,0,0,1,0,0,0,0,0,0.222
565,Pedro León,HOU,6,23,26,5,3,1,0,1,3,3,2,0,8,0,0,0,1,0,0.213
566,Ryan Kreidler,DET,2,6,6,1,1,0,0,0,1,1,1,0,2,0,0,0,0,0,0.198
567,René Pinto,ARI,2,5,6,1,1,0,0,0,1,1,0,0,2,0,0,0,0,0,0.215
568,Justin Foscue,TEX,2,6,6,1,1,0,0,0,1,1,1,0,1,0,0,0,0,0,0.222
569,Gabriel Rincones Jr.,PHI,3,12,13,3,2,1,0,0,1,1,1,0,4,0,0,0,0,0,0.222
570,Marco Luciano,SFG,15,52,59,11,8,2,0,1,6,5,6,0,18,0,0,0,1,0,0.216
571,Carlos D. Rodriguez,ATL,2,6,7,2,1,0,0,0,1,1,1,0,1,0,0,0,0,0,0.258
572,Tucker Barnhart,TEX,2,5,6,1,1,0,0,0,1,0,0,0,2,0,0,0,0,0,0.209
573,Oscar Colás,CHW,44,158,174,37,25,7,1,5,17,18,13,1,45,2,1,1,3,1,0.236
574,Cooper Ingle,CLE,0,1,1,0,0,0,0,0,0,0,0,0,0,0,0,0,0,0,0.246
575,Brett Sullivan,SDP,2,5,6,1,1,0,0,0,1,1,0,0,1,0,0,0,0,0,0.222
576,Dominic Smith,NYY,13,48,53,11,8,2,0,1,6,6,4,0,12,1,0,0,0,0,0.240
577,Cooper Bowman,CIN,2,6,7,1,1,0,0,0,1,1,1,0,2,0,0,0,0,0,0.224
578,Samuel Basallo,BAL,0,1,1,0,0,0,0,0,0,0,0,0,0,0,0,0,0,0,0.245